date,sp500,sp_return,vix,trend,condition
2016-09-16,2139.1600,-0.3772,15.3700,-0.3772,Calm-Down
2016-09-19,2139.1200,-0.0019,15.5300,-0.0019,Calm-Down
2016-09-20,2139.7600,0.0299,15.9200,0.0299,Calm-Up
2016-09-21,2163.1200,1.0917,13.3000,1.0917,Calm-Up
2016-09-22,2177.1800,0.6500,12.0200,0.6500,Calm-Up
2016-09-23,2164.6900,-0.5737,12.2900,-0.5737,Calm-Down
2016-09-26,2146.1000,-0.8588,14.5000,-0.8588,Calm-Down
2016-09-27,2159.9300,0.6444,13.1000,0.6444,Calm-Up
2016-09-28,2171.3700,0.5296,12.3900,0.5296,Calm-Up
2016-09-29,2151.1300,-0.9321,14.0200,-0.9321,Calm-Down
2016-09-30,2168.2700,0.7968,13.2900,0.7968,Calm-Up
2016-10-03,2161.2000,-0.3261,13.5700,-0.3261,Calm-Down
2016-10-04,2150.4900,-0.4956,13.6300,-0.4956,Calm-Down
2016-10-05,2159.7300,0.4297,12.9900,0.4297,Calm-Up
2016-10-06,2160.7700,0.0482,12.8400,0.0482,Calm-Up
2016-10-07,2153.7400,-0.3253,13.4800,-0.3253,Calm-Down
2016-10-10,2163.6600,0.4606,13.3800,0.4606,Calm-Up
2016-10-11,2136.7300,-1.2447,15.3600,-1.2447,Calm-Down
2016-10-12,2139.1800,0.1147,15.9100,0.1147,Calm-Up
2016-10-13,2132.5500,-0.3099,16.6900,-0.3099,Calm-Down
2016-10-14,2132.9800,0.0202,16.1200,0.0202,Calm-Up
2016-10-17,2126.5000,-0.3038,16.2100,-0.3038,Calm-Down
2016-10-18,2139.6000,0.6160,15.2800,0.6160,Calm-Up
2016-10-19,2144.2900,0.2192,14.4100,0.2192,Calm-Up
2016-10-20,2141.3400,-0.1376,13.7500,-0.1376,Calm-Down
2016-10-21,2141.1600,-0.0084,13.3400,-0.0084,Calm-Down
2016-10-24,2151.3300,0.4750,13.0200,0.4750,Calm-Up
2016-10-25,2143.1600,-0.3798,13.4600,-0.3798,Calm-Down
2016-10-26,2139.4300,-0.1740,14.2400,-0.1740,Calm-Down
2016-10-27,2133.0400,-0.2987,15.3600,-0.2987,Calm-Down
2016-10-28,2126.4100,-0.3108,16.1900,-0.3108,Calm-Down
2016-10-31,2126.1500,-0.0122,17.0600,-0.0122,Volatile-Down
2016-11-01,2111.7200,-0.6787,18.5600,-0.6787,Volatile-Down
2016-11-02,2097.9400,-0.6525,19.3200,-0.6525,Volatile-Down
2016-11-03,2088.6600,-0.4423,22.0800,-0.4423,Volatile-Down
2016-11-04,2085.1800,-0.1666,22.5100,-0.1666,Volatile-Down
2016-11-07,2131.5200,2.2224,18.7100,2.2224,Volatile-Up
2016-11-08,2139.5600,0.3772,18.7400,0.3772,Volatile-Up
2016-11-09,2163.2600,1.1077,14.3800,1.1077,Calm-Up
2016-11-10,2167.4800,0.1951,14.7400,0.1951,Calm-Up
2016-11-11,2164.4500,-0.1398,14.1700,-0.1398,Calm-Down
2016-11-14,2164.2000,-0.0116,14.4800,-0.0116,Calm-Down
2016-11-15,2180.3900,0.7481,13.3700,0.7481,Calm-Up
2016-11-16,2176.9400,-0.1582,13.7200,-0.1582,Calm-Down
2016-11-17,2187.1200,0.4676,13.3500,0.4676,Calm-Up
2016-11-18,2181.9000,-0.2387,12.8500,-0.2387,Calm-Down
2016-11-21,2198.1800,0.7461,12.4200,0.7461,Calm-Up
2016-11-22,2202.9400,0.2165,12.4100,0.2165,Calm-Up
2016-11-23,2204.7200,0.0808,12.4300,0.0808,Calm-Up
2016-11-25,2213.3500,0.3914,12.3400,0.3914,Calm-Up
2016-11-28,2201.7200,-0.5254,13.1500,-0.5254,Calm-Down
2016-11-29,2204.6600,0.1335,12.9000,0.1335,Calm-Up
2016-11-30,2198.8100,-0.2653,13.3300,-0.2653,Calm-Down
2016-12-01,2191.0800,-0.3516,14.0700,-0.3516,Calm-Down
2016-12-02,2191.9500,0.0397,14.1200,0.0397,Calm-Up
2016-12-05,2204.7100,0.5821,12.1400,0.5821,Calm-Up
2016-12-06,2212.2300,0.3411,11.7900,0.3411,Calm-Up
2016-12-07,2241.3500,1.3163,12.2200,1.3163,Calm-Up
2016-12-08,2246.1900,0.2159,12.6400,0.2159,Calm-Up
2016-12-09,2259.5300,0.5939,11.7500,0.5939,Calm-Up
2016-12-12,2256.9600,-0.1137,12.6400,-0.1137,Calm-Down
2016-12-13,2271.7200,0.6540,12.7200,0.6540,Calm-Up
2016-12-14,2253.2800,-0.8117,13.1900,-0.8117,Calm-Down
2016-12-15,2262.0300,0.3883,12.7900,0.3883,Calm-Up
2016-12-16,2258.0700,-0.1751,12.2000,-0.1751,Calm-Down
2016-12-19,2262.5300,0.1975,11.7100,0.1975,Calm-Up
2016-12-20,2270.7600,0.3638,11.4500,0.3638,Calm-Up
2016-12-21,2265.1800,-0.2457,11.2700,-0.2457,Calm-Down
2016-12-22,2260.9600,-0.1863,11.4300,-0.1863,Calm-Down
2016-12-23,2263.7900,0.1252,11.4400,0.1252,Calm-Up
2016-12-27,2268.8800,0.2248,11.9900,0.2248,Calm-Up
2016-12-28,2249.9200,-0.8357,12.9500,-0.8357,Calm-Down
2016-12-29,2249.2600,-0.0293,13.3700,-0.0293,Calm-Down
2016-12-30,2238.8300,-0.4637,14.0400,-0.4637,Calm-Down
2017-01-03,2257.8300,0.8487,12.8500,0.8487,Calm-Up
2017-01-04,2270.7500,0.5722,11.8500,0.5722,Calm-Up
2017-01-05,2269.0000,-0.0771,11.6700,-0.0771,Calm-Down
2017-01-06,2276.9800,0.3517,11.3200,0.3517,Calm-Up
2017-01-09,2268.9000,-0.3549,11.5600,-0.3549,Calm-Down
2017-01-10,2268.9000,0.0000,11.4900,0.0000,Calm-Up
2017-01-11,2275.3200,0.2830,11.2600,0.2830,Calm-Up
2017-01-12,2270.4400,-0.2145,11.5400,-0.2145,Calm-Down
2017-01-13,2274.6400,0.1850,11.2300,0.1850,Calm-Up
2017-01-17,2267.8900,-0.2968,11.8700,-0.2968,Calm-Down
2017-01-18,2271.8900,0.1764,12.4800,0.1764,Calm-Up
2017-01-19,2263.6900,-0.3609,12.7800,-0.3609,Calm-Down
2017-01-20,2271.3100,0.3366,11.5400,0.3366,Calm-Up
2017-01-23,2265.2000,-0.2690,11.7700,-0.2690,Calm-Down
2017-01-24,2280.0700,0.6565,11.0700,0.6565,Calm-Up
2017-01-25,2298.3700,0.8026,10.8100,0.8026,Calm-Up
2017-01-26,2296.6800,-0.0735,10.6300,-0.0735,Calm-Down
2017-01-27,2294.6900,-0.0866,10.5800,-0.0866,Calm-Down
2017-01-30,2280.9000,-0.6010,11.8800,-0.6010,Calm-Down
2017-01-31,2278.8700,-0.0890,11.9900,-0.0890,Calm-Down
2017-02-01,2279.5500,0.0298,11.8100,0.0298,Calm-Up
2017-02-02,2280.8500,0.0570,11.9300,0.0570,Calm-Up
2017-02-03,2297.4200,0.7265,10.9700,0.7265,Calm-Up
2017-02-06,2292.5600,-0.2115,11.3700,-0.2115,Calm-Down
2017-02-07,2293.0800,0.0227,11.2900,0.0227,Calm-Up
2017-02-08,2294.6700,0.0693,11.4500,0.0693,Calm-Up
2017-02-09,2307.8700,0.5752,10.8800,0.5752,Calm-Up
2017-02-10,2316.1000,0.3566,10.8500,0.3566,Calm-Up
2017-02-13,2328.2500,0.5246,11.0700,0.5246,Calm-Up
2017-02-14,2337.5800,0.4007,10.7400,0.4007,Calm-Up
2017-02-15,2349.2500,0.4992,11.9700,0.4992,Calm-Up
2017-02-16,2347.2200,-0.0864,11.7600,-0.0864,Calm-Down
2017-02-17,2351.1600,0.1679,11.4900,0.1679,Calm-Up
2017-02-21,2365.3800,0.6048,11.5700,0.6048,Calm-Up
2017-02-22,2362.8200,-0.1082,11.7400,-0.1082,Calm-Down
2017-02-23,2363.8100,0.0419,11.7100,0.0419,Calm-Up
2017-02-24,2367.3400,0.1493,11.4700,0.1493,Calm-Up
2017-02-27,2369.7500,0.1018,12.0900,0.1018,Calm-Up
2017-02-28,2363.6400,-0.2578,12.9200,-0.2578,Calm-Down
2017-03-01,2395.9600,1.3674,12.5400,1.3674,Calm-Up
2017-03-02,2381.9200,-0.5860,11.8100,-0.5860,Calm-Down
2017-03-03,2383.1200,0.0504,10.9600,0.0504,Calm-Up
2017-03-06,2375.3100,-0.3277,11.2400,-0.3277,Calm-Down
2017-03-07,2368.3900,-0.2913,11.4500,-0.2913,Calm-Down
2017-03-08,2362.9800,-0.2284,11.8600,-0.2284,Calm-Down
2017-03-09,2364.8700,0.0800,12.3000,0.0800,Calm-Up
2017-03-10,2372.6000,0.3269,11.6600,0.3269,Calm-Up
2017-03-13,2373.4700,0.0367,11.3500,0.0367,Calm-Up
2017-03-14,2365.4500,-0.3379,12.3000,-0.3379,Calm-Down
2017-03-15,2385.2600,0.8375,11.6300,0.8375,Calm-Up
2017-03-16,2381.3800,-0.1627,11.2100,-0.1627,Calm-Down
2017-03-17,2378.2500,-0.1314,11.2800,-0.1314,Calm-Down
2017-03-20,2373.4700,-0.2010,11.3400,-0.2010,Calm-Down
2017-03-21,2344.0200,-1.2408,12.4700,-1.2408,Calm-Down
2017-03-22,2348.4500,0.1890,12.8100,0.1890,Calm-Up
2017-03-23,2345.9600,-0.1060,13.1200,-0.1060,Calm-Down
2017-03-24,2343.9800,-0.0844,12.9600,-0.0844,Calm-Down
2017-03-27,2341.5900,-0.1020,12.5000,-0.1020,Calm-Down
2017-03-28,2358.5700,0.7251,11.5300,0.7251,Calm-Up
2017-03-29,2361.1300,0.1085,11.4200,0.1085,Calm-Up
2017-03-30,2368.0600,0.2935,11.5400,0.2935,Calm-Up
2017-03-31,2362.7200,-0.2255,12.3700,-0.2255,Calm-Down
2017-04-03,2358.8400,-0.1642,12.3800,-0.1642,Calm-Down
2017-04-04,2360.1600,0.0560,11.7900,0.0560,Calm-Up
2017-04-05,2352.9500,-0.3055,12.8900,-0.3055,Calm-Down
2017-04-06,2357.4900,0.1929,12.3900,0.1929,Calm-Up
2017-04-07,2355.5400,-0.0827,12.8700,-0.0827,Calm-Down
2017-04-10,2357.1600,0.0688,14.0500,0.0688,Calm-Up
2017-04-11,2353.7800,-0.1434,15.0700,-0.1434,Calm-Down
2017-04-12,2344.9300,-0.3760,15.7700,-0.3760,Calm-Down
2017-04-13,2328.9500,-0.6815,15.9600,-0.6815,Calm-Down
2017-04-17,2349.0100,0.8613,14.6600,0.8613,Calm-Up
2017-04-18,2342.1900,-0.2903,14.4200,-0.2903,Calm-Down
2017-04-19,2338.1700,-0.1716,14.9300,-0.1716,Calm-Down
2017-04-20,2355.8400,0.7557,14.1500,0.7557,Calm-Up
2017-04-21,2348.6900,-0.3035,14.6300,-0.3035,Calm-Down
2017-04-24,2374.1500,1.0840,10.8400,1.0840,Calm-Up
2017-04-25,2388.6100,0.6091,10.7600,0.6091,Calm-Up
2017-04-26,2387.4500,-0.0486,10.8500,-0.0486,Calm-Down
2017-04-27,2388.7700,0.0553,10.3600,0.0553,Calm-Up
2017-04-28,2384.2000,-0.1913,10.8200,-0.1913,Calm-Down
2017-05-01,2388.3300,0.1732,10.1100,0.1732,Calm-Up
2017-05-02,2391.1700,0.1189,10.5900,0.1189,Calm-Up
2017-05-03,2388.1300,-0.1271,10.6800,-0.1271,Calm-Down
2017-05-04,2389.5200,0.0582,10.4600,0.0582,Calm-Up
2017-05-05,2399.2900,0.4089,10.5700,0.4089,Calm-Up
2017-05-08,2399.3800,0.0038,9.7700,0.0038,Calm-Up
2017-05-09,2396.9200,-0.1025,9.9600,-0.1025,Calm-Down
2017-05-10,2399.6300,0.1131,10.2100,0.1131,Calm-Up
2017-05-11,2394.4400,-0.2163,10.6000,-0.2163,Calm-Down
2017-05-12,2390.9000,-0.1478,10.4000,-0.1478,Calm-Down
2017-05-15,2402.3200,0.4776,10.4200,0.4776,Calm-Up
2017-05-16,2400.6700,-0.0687,10.6500,-0.0687,Calm-Down
2017-05-17,2357.0300,-1.8178,15.5900,-1.8178,Calm-Down
2017-05-18,2365.7200,0.3687,14.6600,0.3687,Calm-Up
2017-05-19,2381.7300,0.6767,12.0400,0.6767,Calm-Up
2017-05-22,2394.0200,0.5160,10.9300,0.5160,Calm-Up
2017-05-23,2398.4200,0.1838,10.7200,0.1838,Calm-Up
2017-05-24,2404.3900,0.2489,10.0200,0.2489,Calm-Up
2017-05-25,2415.0700,0.4442,9.9900,0.4442,Calm-Up
2017-05-26,2415.8200,0.0311,9.8100,0.0311,Calm-Up
2017-05-30,2412.9100,-0.1205,10.3800,-0.1205,Calm-Down
2017-05-31,2411.8000,-0.0460,10.4100,-0.0460,Calm-Down
2017-06-01,2430.0600,0.7571,9.8900,0.7571,Calm-Up
2017-06-02,2439.0700,0.3708,9.7500,0.3708,Calm-Up
2017-06-05,2436.1000,-0.1218,10.0700,-0.1218,Calm-Down
2017-06-06,2429.3300,-0.2779,10.4500,-0.2779,Calm-Down
2017-06-07,2433.1400,0.1568,10.3900,0.1568,Calm-Up
2017-06-08,2433.7900,0.0267,10.1600,0.0267,Calm-Up
2017-06-09,2431.7700,-0.0830,10.7000,-0.0830,Calm-Down
2017-06-12,2429.3900,-0.0979,11.4600,-0.0979,Calm-Down
2017-06-13,2440.3500,0.4511,10.4200,0.4511,Calm-Up
2017-06-14,2437.9200,-0.0996,10.6400,-0.0996,Calm-Down
2017-06-15,2432.4600,-0.2240,10.9000,-0.2240,Calm-Down
2017-06-16,2433.1500,0.0284,10.3800,0.0284,Calm-Up
2017-06-19,2453.4600,0.8347,10.3700,0.8347,Calm-Up
2017-06-20,2437.0300,-0.6697,10.8600,-0.6697,Calm-Down
2017-06-21,2435.6100,-0.0583,10.7500,-0.0583,Calm-Down
2017-06-22,2434.5000,-0.0456,10.4800,-0.0456,Calm-Down
2017-06-23,2438.3000,0.1561,10.0200,0.1561,Calm-Up
2017-06-26,2439.0700,0.0316,9.9000,0.0316,Calm-Up
2017-06-27,2419.3800,-0.8073,11.0600,-0.8073,Calm-Down
2017-06-28,2440.6900,0.8808,10.0300,0.8808,Calm-Up
2017-06-29,2419.7000,-0.8600,11.4400,-0.8600,Calm-Down
2017-06-30,2423.4100,0.1533,11.1800,0.1533,Calm-Up
2017-07-03,2429.0100,0.2311,11.2200,0.2311,Calm-Up
2017-07-05,2432.5400,0.1453,11.0700,0.1453,Calm-Up
2017-07-06,2409.7500,-0.9369,12.5400,-0.9369,Calm-Down
2017-07-07,2425.1800,0.6403,11.1900,0.6403,Calm-Up
2017-07-10,2427.4300,0.0928,11.1100,0.0928,Calm-Up
2017-07-11,2425.5300,-0.0783,10.8900,-0.0783,Calm-Down
2017-07-12,2443.2500,0.7306,10.3000,0.7306,Calm-Up
2017-07-13,2447.8300,0.1875,9.9000,0.1875,Calm-Up
2017-07-14,2459.2700,0.4674,9.5100,0.4674,Calm-Up
2017-07-17,2459.1400,-0.0053,9.8200,-0.0053,Calm-Down
2017-07-18,2460.6100,0.0598,9.8900,0.0598,Calm-Up
2017-07-19,2473.8300,0.5373,9.7900,0.5373,Calm-Up
2017-07-20,2473.4500,-0.0154,9.5800,-0.0154,Calm-Down
2017-07-21,2472.5400,-0.0368,9.3600,-0.0368,Calm-Down
2017-07-24,2469.9100,-0.1064,9.4300,-0.1064,Calm-Down
2017-07-25,2477.1300,0.2923,9.4300,0.2923,Calm-Up
2017-07-26,2477.8300,0.0283,9.6000,0.0283,Calm-Up
2017-07-27,2475.4200,-0.0973,10.1100,-0.0973,Calm-Down
2017-07-28,2472.1000,-0.1341,10.2900,-0.1341,Calm-Down
2017-07-31,2470.3000,-0.0728,10.2600,-0.0728,Calm-Down
2017-08-01,2476.3500,0.2449,10.0900,0.2449,Calm-Up
2017-08-02,2477.5700,0.0493,10.2800,0.0493,Calm-Up
2017-08-03,2472.1600,-0.2184,10.4400,-0.2184,Calm-Down
2017-08-04,2476.8300,0.1889,10.0300,0.1889,Calm-Up
2017-08-07,2480.9100,0.1647,9.9300,0.1647,Calm-Up
2017-08-08,2474.9200,-0.2414,10.9600,-0.2414,Calm-Down
2017-08-09,2474.0200,-0.0364,11.1100,-0.0364,Calm-Down
2017-08-10,2438.2100,-1.4474,16.0400,-1.4474,Calm-Down
2017-08-11,2441.3200,0.1276,15.5100,0.1276,Calm-Up
2017-08-14,2465.8400,1.0044,12.3300,1.0044,Calm-Up
2017-08-15,2464.6100,-0.0499,12.0400,-0.0499,Calm-Down
2017-08-16,2468.1100,0.1420,11.7400,0.1420,Calm-Up
2017-08-17,2430.0100,-1.5437,15.5500,-1.5437,Calm-Down
2017-08-18,2425.5500,-0.1835,14.2600,-0.1835,Calm-Down
2017-08-21,2428.3700,0.1163,13.1900,0.1163,Calm-Up
2017-08-22,2452.5100,0.9941,11.3500,0.9941,Calm-Up
2017-08-23,2444.0400,-0.3454,12.2500,-0.3454,Calm-Down
2017-08-24,2438.9700,-0.2074,12.2300,-0.2074,Calm-Down
2017-08-25,2443.0500,0.1673,11.2800,0.1673,Calm-Up
2017-08-28,2444.2400,0.0487,11.3200,0.0487,Calm-Up
2017-08-29,2446.3000,0.0843,11.7000,0.0843,Calm-Up
2017-08-30,2457.5900,0.4615,11.2200,0.4615,Calm-Up
2017-08-31,2471.6500,0.5721,10.5900,0.5721,Calm-Up
2017-09-01,2476.5500,0.1982,10.1300,0.1982,Calm-Up
2017-09-05,2457.8500,-0.7551,12.2300,-0.7551,Calm-Down
2017-09-06,2465.5400,0.3129,11.6300,0.3129,Calm-Up
2017-09-07,2465.1000,-0.0178,11.5500,-0.0178,Calm-Down
2017-09-08,2461.4300,-0.1489,12.1200,-0.1489,Calm-Down
2017-09-11,2488.1100,1.0839,10.7300,1.0839,Calm-Up
2017-09-12,2496.4800,0.3364,10.5800,0.3364,Calm-Up
2017-09-13,2498.3700,0.0757,10.5000,0.0757,Calm-Up
2017-09-14,2495.6200,-0.1101,10.4400,-0.1101,Calm-Down
2017-09-15,2500.2300,0.1847,10.1700,0.1847,Calm-Up
2017-09-18,2503.8700,0.1456,10.1500,0.1456,Calm-Up
2017-09-19,2506.6500,0.1110,10.1800,0.1110,Calm-Up
2017-09-20,2508.2400,0.0634,9.7800,0.0634,Calm-Up
2017-09-21,2500.6000,-0.3046,9.6700,-0.3046,Calm-Down
2017-09-22,2502.2200,0.0648,9.5900,0.0648,Calm-Up
2017-09-25,2496.6600,-0.2222,10.2100,-0.2222,Calm-Down
2017-09-26,2496.8400,0.0072,10.1700,0.0072,Calm-Up
2017-09-27,2507.0400,0.4085,9.8700,0.4085,Calm-Up
2017-09-28,2510.0600,0.1205,9.5500,0.1205,Calm-Up
2017-09-29,2519.3600,0.3705,9.5100,0.3705,Calm-Up
2017-10-02,2529.1200,0.3874,9.4500,0.3874,Calm-Up
2017-10-03,2534.5800,0.2159,9.5100,0.2159,Calm-Up
2017-10-04,2537.7400,0.1247,9.6300,0.1247,Calm-Up
2017-10-05,2552.0700,0.5647,9.1900,0.5647,Calm-Up
2017-10-06,2549.3300,-0.1074,9.6500,-0.1074,Calm-Down
2017-10-09,2544.7300,-0.1804,10.3300,-0.1804,Calm-Down
2017-10-10,2550.6400,0.2322,10.0800,0.2322,Calm-Up
2017-10-11,2555.2400,0.1803,9.8500,0.1803,Calm-Up
2017-10-12,2550.9300,-0.1687,9.9100,-0.1687,Calm-Down
2017-10-13,2553.1700,0.0878,9.6100,0.0878,Calm-Up
2017-10-16,2557.6400,0.1751,9.9100,0.1751,Calm-Up
2017-10-17,2559.3600,0.0672,10.3100,0.0672,Calm-Up
2017-10-18,2561.2600,0.0742,10.0700,0.0742,Calm-Up
2017-10-19,2562.1000,0.0328,10.0500,0.0328,Calm-Up
2017-10-20,2575.2100,0.5117,9.9700,0.5117,Calm-Up
2017-10-23,2564.9800,-0.3972,11.0700,-0.3972,Calm-Down
2017-10-24,2569.1300,0.1618,11.1600,0.1618,Calm-Up
2017-10-25,2557.1500,-0.4663,11.2300,-0.4663,Calm-Down
2017-10-26,2560.4000,0.1271,11.3000,0.1271,Calm-Up
2017-10-27,2581.0700,0.8073,9.8000,0.8073,Calm-Up
2017-10-30,2572.8300,-0.3192,10.5000,-0.3192,Calm-Down
2017-10-31,2575.2600,0.0944,10.1800,0.0944,Calm-Up
2017-11-01,2579.3600,0.1592,10.2000,0.1592,Calm-Up
2017-11-02,2579.8500,0.0190,9.9300,0.0190,Calm-Up
2017-11-03,2587.8400,0.3097,9.1400,0.3097,Calm-Up
2017-11-06,2591.1300,0.1271,9.4000,0.1271,Calm-Up
2017-11-07,2590.6400,-0.0189,9.8900,-0.0189,Calm-Down
2017-11-08,2594.3800,0.1444,9.7800,0.1444,Calm-Up
2017-11-09,2584.6200,-0.3762,10.5000,-0.3762,Calm-Down
2017-11-10,2582.3000,-0.0898,11.2900,-0.0898,Calm-Down
2017-11-13,2584.8400,0.0984,11.5000,0.0984,Calm-Up
2017-11-14,2578.8700,-0.2310,11.5900,-0.2310,Calm-Down
2017-11-15,2564.6200,-0.5526,13.1300,-0.5526,Calm-Down
2017-11-16,2585.6400,0.8196,11.7600,0.8196,Calm-Up
2017-11-17,2578.8500,-0.2626,11.4300,-0.2626,Calm-Down
2017-11-20,2582.1400,0.1276,10.6500,0.1276,Calm-Up
2017-11-21,2599.0300,0.6541,9.7300,0.6541,Calm-Up
2017-11-22,2597.0800,-0.0750,9.8800,-0.0750,Calm-Down
2017-11-24,2602.4200,0.2056,9.6700,0.2056,Calm-Up
2017-11-27,2601.4200,-0.0384,9.8700,-0.0384,Calm-Down
2017-11-28,2627.0400,0.9848,10.0300,0.9848,Calm-Up
2017-11-29,2626.0700,-0.0369,10.7000,-0.0369,Calm-Down
2017-11-30,2647.5800,0.8191,11.2800,0.8191,Calm-Up
2017-12-01,2642.2200,-0.2024,11.4300,-0.2024,Calm-Down
2017-12-04,2639.4400,-0.1052,11.6800,-0.1052,Calm-Down
2017-12-05,2629.5700,-0.3739,11.3300,-0.3739,Calm-Down
2017-12-06,2629.2700,-0.0114,11.0200,-0.0114,Calm-Down
2017-12-07,2636.9800,0.2932,10.1600,0.2932,Calm-Up
2017-12-08,2651.5000,0.5506,9.5800,0.5506,Calm-Up
2017-12-11,2659.9900,0.3202,9.3400,0.3202,Calm-Up
2017-12-12,2664.1100,0.1549,9.9200,0.1549,Calm-Up
2017-12-13,2662.8500,-0.0473,10.1800,-0.0473,Calm-Down
2017-12-14,2652.0100,-0.4071,10.4900,-0.4071,Calm-Down
2017-12-15,2675.8100,0.8974,9.4200,0.8974,Calm-Up
2017-12-18,2690.1600,0.5363,9.5300,0.5363,Calm-Up
2017-12-19,2681.4700,-0.3230,10.0300,-0.3230,Calm-Down
2017-12-20,2679.2500,-0.0828,9.7200,-0.0828,Calm-Down
2017-12-21,2684.5700,0.1986,9.6200,0.1986,Calm-Up
2017-12-22,2683.3400,-0.0458,9.9000,-0.0458,Calm-Down
2017-12-26,2680.5000,-0.1058,10.2500,-0.1058,Calm-Down
2017-12-27,2682.6200,0.0791,10.4700,0.0791,Calm-Up
2017-12-28,2687.5400,0.1834,10.1800,0.1834,Calm-Up
2017-12-29,2673.6100,-0.5183,11.0400,-0.5183,Calm-Down
2018-01-02,2695.8100,0.8303,9.7700,0.8303,Calm-Up
2018-01-03,2713.0600,0.6399,9.1500,0.6399,Calm-Up
2018-01-04,2723.9900,0.4029,9.2200,0.4029,Calm-Up
2018-01-05,2743.1500,0.7034,9.2200,0.7034,Calm-Up
2018-01-08,2747.7100,0.1662,9.5200,0.1662,Calm-Up
2018-01-09,2751.2900,0.1303,10.0800,0.1303,Calm-Up
2018-01-10,2748.2300,-0.1112,9.8200,-0.1112,Calm-Down
2018-01-11,2767.5600,0.7034,9.8800,0.7034,Calm-Up
2018-01-12,2786.2400,0.6750,10.1600,0.6750,Calm-Up
2018-01-16,2776.4200,-0.3524,11.6600,-0.3524,Calm-Down
2018-01-17,2802.5600,0.9415,11.9100,0.9415,Calm-Up
2018-01-18,2798.0300,-0.1616,12.2200,-0.1616,Calm-Down
2018-01-19,2810.3000,0.4385,11.2700,0.4385,Calm-Up
2018-01-22,2832.9700,0.8067,11.0300,0.8067,Calm-Up
2018-01-23,2839.1300,0.2174,11.1000,0.2174,Calm-Up
2018-01-24,2837.5400,-0.0560,11.4700,-0.0560,Calm-Down
2018-01-25,2839.2500,0.0603,11.5800,0.0603,Calm-Up
2018-01-26,2872.8700,1.1841,11.0800,1.1841,Calm-Up
2018-01-29,2853.5300,-0.6732,13.8400,-0.6732,Calm-Down
2018-01-30,2822.4300,-1.0899,14.7900,-1.0899,Calm-Down
2018-01-31,2823.8100,0.0489,13.5400,0.0489,Calm-Up
2018-02-01,2821.9800,-0.0648,13.4700,-0.0648,Calm-Down
2018-02-02,2762.1300,-2.1209,17.3100,-2.1209,Volatile-Down
2018-02-05,2648.9400,-4.0979,37.3200,-4.0979,Volatile-Down
2018-02-06,2695.1400,1.7441,29.9800,1.7441,Volatile-Up
2018-02-07,2681.6600,-0.5002,27.7300,-0.5002,Volatile-Down
2018-02-08,2581.0000,-3.7536,33.4600,-3.7536,Volatile-Down
2018-02-09,2619.5500,1.4936,29.0600,1.4936,Volatile-Up
2018-02-12,2656.0000,1.3915,25.6100,1.3915,Volatile-Up
2018-02-13,2662.9400,0.2613,24.9700,0.2613,Volatile-Up
2018-02-14,2698.6300,1.3402,19.2600,1.3402,Volatile-Up
2018-02-15,2731.2000,1.2069,19.1300,1.2069,Volatile-Up
2018-02-16,2732.2200,0.0373,19.4600,0.0373,Volatile-Up
2018-02-20,2716.2600,-0.5841,20.6000,-0.5841,Volatile-Down
2018-02-21,2701.3300,-0.5497,20.0200,-0.5497,Volatile-Down
2018-02-22,2703.9600,0.0974,18.7200,0.0974,Volatile-Up
2018-02-23,2747.3000,1.6028,16.4900,1.6028,Calm-Up
2018-02-26,2779.6000,1.1757,15.8000,1.1757,Calm-Up
2018-02-27,2744.2800,-1.2707,18.5900,-1.2707,Volatile-Down
2018-02-28,2713.8300,-1.1096,19.8500,-1.1096,Volatile-Down
2018-03-01,2677.6700,-1.3324,22.4700,-1.3324,Volatile-Down
2018-03-02,2691.2500,0.5072,19.5900,0.5072,Volatile-Up
2018-03-05,2720.9400,1.1032,18.7300,1.1032,Volatile-Up
2018-03-06,2728.1200,0.2639,18.3600,0.2639,Volatile-Up
2018-03-07,2726.8000,-0.0484,17.7600,-0.0484,Volatile-Down
2018-03-08,2738.9700,0.4463,16.5400,0.4463,Calm-Up
2018-03-09,2786.5700,1.7379,14.6400,1.7379,Calm-Up
2018-03-12,2783.0200,-0.1274,15.7800,-0.1274,Calm-Down
2018-03-13,2765.3100,-0.6364,16.3500,-0.6364,Calm-Down
2018-03-14,2749.4800,-0.5724,17.2300,-0.5724,Volatile-Down
2018-03-15,2747.3300,-0.0782,16.5900,-0.0782,Calm-Down
2018-03-16,2752.0100,0.1703,15.8000,0.1703,Calm-Up
2018-03-19,2712.9200,-1.4204,19.0200,-1.4204,Volatile-Down
2018-03-20,2716.9400,0.1482,18.2000,0.1482,Volatile-Up
2018-03-21,2711.9300,-0.1844,17.8600,-0.1844,Volatile-Down
2018-03-22,2643.6900,-2.5163,23.3400,-2.5163,Volatile-Down
2018-03-23,2588.2600,-2.0967,24.8700,-2.0967,Volatile-Down
2018-03-26,2658.5500,2.7157,21.0300,2.7157,Volatile-Up
2018-03-27,2612.6200,-1.7276,22.5000,-1.7276,Volatile-Down
2018-03-28,2605.0000,-0.2917,22.8700,-0.2917,Volatile-Down
2018-03-29,2640.8700,1.3770,19.9700,1.3770,Volatile-Up
2018-04-02,2581.8800,-2.2337,23.6200,-2.2337,Volatile-Down
2018-04-03,2614.4500,1.2615,21.1000,1.2615,Volatile-Up
2018-04-04,2644.6900,1.1566,20.0600,1.1566,Volatile-Up
2018-04-05,2662.8400,0.6863,18.9400,0.6863,Volatile-Up
2018-04-06,2604.4700,-2.1920,21.4900,-2.1920,Volatile-Down
2018-04-09,2613.1600,0.3337,21.7700,0.3337,Volatile-Up
2018-04-10,2656.8700,1.6727,20.4700,1.6727,Volatile-Up
2018-04-11,2642.1900,-0.5525,20.2400,-0.5525,Volatile-Down
2018-04-12,2663.9900,0.8251,18.4900,0.8251,Volatile-Up
2018-04-13,2656.3000,-0.2887,17.4100,-0.2887,Volatile-Down
2018-04-16,2677.8400,0.8109,16.5600,0.8109,Calm-Up
2018-04-17,2706.3900,1.0662,15.2500,1.0662,Calm-Up
2018-04-18,2708.6400,0.0831,15.6000,0.0831,Calm-Up
2018-04-19,2693.1300,-0.5726,15.9600,-0.5726,Calm-Down
2018-04-20,2670.1400,-0.8537,16.8800,-0.8537,Calm-Down
2018-04-23,2670.2900,0.0056,16.3400,0.0056,Calm-Up
2018-04-24,2634.5600,-1.3381,18.0200,-1.3381,Volatile-Down
2018-04-25,2639.4000,0.1837,17.8400,0.1837,Volatile-Up
2018-04-26,2666.9400,1.0434,16.2400,1.0434,Calm-Up
2018-04-27,2669.9100,0.1114,15.4100,0.1114,Calm-Up
2018-04-30,2648.0500,-0.8188,15.9300,-0.8188,Calm-Down
2018-05-01,2654.8000,0.2549,15.4900,0.2549,Calm-Up
2018-05-02,2635.6700,-0.7206,15.9700,-0.7206,Calm-Down
2018-05-03,2629.7300,-0.2254,15.9000,-0.2254,Calm-Down
2018-05-04,2663.4200,1.2811,14.7700,1.2811,Calm-Up
2018-05-07,2672.6300,0.3458,14.7500,0.3458,Calm-Up
2018-05-08,2671.9200,-0.0266,14.7100,-0.0266,Calm-Down
2018-05-09,2697.7900,0.9682,13.4200,0.9682,Calm-Up
2018-05-10,2723.0700,0.9371,13.2300,0.9371,Calm-Up
2018-05-11,2727.7200,0.1708,12.6500,0.1708,Calm-Up
2018-05-14,2730.1300,0.0884,12.9300,0.0884,Calm-Up
2018-05-15,2711.4500,-0.6842,14.6300,-0.6842,Calm-Down
2018-05-16,2722.4600,0.4061,13.4200,0.4061,Calm-Up
2018-05-17,2720.1300,-0.0856,13.4300,-0.0856,Calm-Down
2018-05-18,2712.9700,-0.2632,13.4200,-0.2632,Calm-Down
2018-05-21,2733.0100,0.7387,13.0800,0.7387,Calm-Up
2018-05-22,2724.4400,-0.3136,13.2200,-0.3136,Calm-Down
2018-05-23,2733.2900,0.3248,12.5800,0.3248,Calm-Up
2018-05-24,2727.7600,-0.2023,12.5300,-0.2023,Calm-Down
2018-05-25,2721.3300,-0.2357,13.2200,-0.2357,Calm-Down
2018-05-29,2689.8600,-1.1564,17.0200,-1.1564,Volatile-Down
2018-05-30,2724.0100,1.2696,14.9400,1.2696,Calm-Up
2018-05-31,2705.2700,-0.6880,15.4300,-0.6880,Calm-Down
2018-06-01,2734.6200,1.0849,13.4600,1.0849,Calm-Up
2018-06-04,2746.8700,0.4480,12.7400,0.4480,Calm-Up
2018-06-05,2748.8000,0.0703,12.4000,0.0703,Calm-Up
2018-06-06,2772.3500,0.8567,11.6400,0.8567,Calm-Up
2018-06-07,2770.3700,-0.0714,12.1300,-0.0714,Calm-Down
2018-06-08,2779.0300,0.3126,12.1800,0.3126,Calm-Up
2018-06-11,2782.0000,0.1069,12.3500,0.1069,Calm-Up
2018-06-12,2786.8500,0.1743,12.3400,0.1743,Calm-Up
2018-06-13,2775.6300,-0.4026,12.9400,-0.4026,Calm-Down
2018-06-14,2782.4900,0.2472,12.1200,0.2472,Calm-Up
2018-06-15,2779.6600,-0.1017,11.9800,-0.1017,Calm-Down
2018-06-18,2773.7500,-0.2126,12.3100,-0.2126,Calm-Down
2018-06-19,2762.5900,-0.4023,13.3500,-0.4023,Calm-Down
2018-06-20,2767.3200,0.1712,12.7900,0.1712,Calm-Up
2018-06-21,2749.7600,-0.6345,14.6400,-0.6345,Calm-Down
2018-06-22,2754.8800,0.1862,13.7700,0.1862,Calm-Up
2018-06-25,2717.0700,-1.3725,17.3300,-1.3725,Volatile-Down
2018-06-26,2723.0600,0.2205,15.9200,0.2205,Calm-Up
2018-06-27,2699.6300,-0.8604,17.9100,-0.8604,Volatile-Down
2018-06-28,2716.3100,0.6179,16.8500,0.6179,Calm-Up
2018-06-29,2718.3700,0.0758,16.0900,0.0758,Calm-Up
2018-07-02,2726.7100,0.3068,15.6000,0.3068,Calm-Up
2018-07-03,2713.2200,-0.4947,16.1400,-0.4947,Calm-Down
2018-07-05,2736.6100,0.8621,14.9700,0.8621,Calm-Up
2018-07-06,2759.8200,0.8481,13.3700,0.8481,Calm-Up
2018-07-09,2784.1700,0.8823,12.6900,0.8823,Calm-Up
2018-07-10,2793.8400,0.3473,12.6400,0.3473,Calm-Up
2018-07-11,2774.0200,-0.7094,13.6300,-0.7094,Calm-Down
2018-07-12,2798.2900,0.8749,12.5800,0.8749,Calm-Up
2018-07-13,2801.3100,0.1079,12.1800,0.1079,Calm-Up
2018-07-16,2798.4300,-0.1028,12.8300,-0.1028,Calm-Down
2018-07-17,2809.5500,0.3974,12.0600,0.3974,Calm-Up
2018-07-18,2815.6200,0.2160,12.1000,0.2160,Calm-Up
2018-07-19,2804.4900,-0.3953,12.8700,-0.3953,Calm-Down
2018-07-20,2801.8300,-0.0948,12.8600,-0.0948,Calm-Down
2018-07-23,2806.9800,0.1838,12.6200,0.1838,Calm-Up
2018-07-24,2820.4000,0.4781,12.4100,0.4781,Calm-Up
2018-07-25,2846.0700,0.9102,12.2900,0.9102,Calm-Up
2018-07-26,2837.4400,-0.3032,12.1400,-0.3032,Calm-Down
2018-07-27,2818.8200,-0.6562,13.0300,-0.6562,Calm-Down
2018-07-30,2802.6000,-0.5754,14.2600,-0.5754,Calm-Down
2018-07-31,2816.2900,0.4885,12.8300,0.4885,Calm-Up
2018-08-01,2813.3600,-0.1040,13.1500,-0.1040,Calm-Down
2018-08-02,2827.2200,0.4926,12.1900,0.4926,Calm-Up
2018-08-03,2840.3500,0.4644,11.6400,0.4644,Calm-Up
2018-08-06,2850.4000,0.3538,11.2700,0.3538,Calm-Up
2018-08-07,2858.4500,0.2824,10.9300,0.2824,Calm-Up
2018-08-08,2857.7000,-0.0262,10.8500,-0.0262,Calm-Down
2018-08-09,2853.5800,-0.1442,11.2700,-0.1442,Calm-Down
2018-08-10,2833.2800,-0.7114,13.1600,-0.7114,Calm-Down
2018-08-13,2821.9300,-0.4006,14.7800,-0.4006,Calm-Down
2018-08-14,2839.9600,0.6389,13.3100,0.6389,Calm-Up
2018-08-15,2818.3700,-0.7602,14.6400,-0.7602,Calm-Down
2018-08-16,2840.6900,0.7919,13.4500,0.7919,Calm-Up
2018-08-17,2850.1300,0.3323,12.6400,0.3323,Calm-Up
2018-08-20,2857.0500,0.2428,12.4900,0.2428,Calm-Up
2018-08-21,2862.9600,0.2069,12.8600,0.2069,Calm-Up
2018-08-22,2861.8200,-0.0398,12.2500,-0.0398,Calm-Down
2018-08-23,2856.9800,-0.1691,12.4100,-0.1691,Calm-Down
2018-08-24,2874.6900,0.6199,11.9900,0.6199,Calm-Up
2018-08-27,2896.7400,0.7670,12.1600,0.7670,Calm-Up
2018-08-28,2897.5200,0.0269,12.5000,0.0269,Calm-Up
2018-08-29,2914.0400,0.5701,12.2500,0.5701,Calm-Up
2018-08-30,2901.1300,-0.4430,13.5300,-0.4430,Calm-Down
2018-08-31,2901.5200,0.0134,12.8600,0.0134,Calm-Up
2018-09-04,2896.7200,-0.1654,13.1600,-0.1654,Calm-Down
2018-09-05,2888.6000,-0.2803,13.9100,-0.2803,Calm-Down
2018-09-06,2878.0500,-0.3652,14.6500,-0.3652,Calm-Down
2018-09-07,2871.6800,-0.2213,14.8800,-0.2213,Calm-Down
2018-09-10,2877.1300,0.1898,14.1600,0.1898,Calm-Up
2018-09-11,2887.8900,0.3740,13.2200,0.3740,Calm-Up
2018-09-12,2888.9200,0.0357,13.1400,0.0357,Calm-Up
2018-09-13,2904.1800,0.5282,12.3700,0.5282,Calm-Up
2018-09-14,2904.9800,0.0275,12.0700,0.0275,Calm-Up
2018-09-17,2888.8000,-0.5570,13.6800,-0.5570,Calm-Down
2018-09-18,2904.3100,0.5369,12.7900,0.5369,Calm-Up
2018-09-19,2907.9500,0.1253,11.7500,0.1253,Calm-Up
2018-09-20,2930.7500,0.7841,11.8000,0.7841,Calm-Up
2018-09-21,2929.6700,-0.0369,11.6800,-0.0369,Calm-Down
2018-09-24,2919.3700,-0.3516,12.2000,-0.3516,Calm-Down
2018-09-25,2915.5600,-0.1305,12.4200,-0.1305,Calm-Down
2018-09-26,2905.9700,-0.3289,12.8900,-0.3289,Calm-Down
2018-09-27,2914.0000,0.2763,12.4100,0.2763,Calm-Up
2018-09-28,2913.9800,-0.0007,12.1200,-0.0007,Calm-Down
2018-10-01,2924.5900,0.3641,12.0000,0.3641,Calm-Up
2018-10-02,2923.4300,-0.0397,12.0500,-0.0397,Calm-Down
2018-10-03,2925.5100,0.0711,11.6100,0.0711,Calm-Up
2018-10-04,2901.6100,-0.8170,14.2200,-0.8170,Calm-Down
2018-10-05,2885.5700,-0.5528,14.8200,-0.5528,Calm-Down
2018-10-08,2884.4300,-0.0395,15.6900,-0.0395,Calm-Down
2018-10-09,2880.3400,-0.1418,15.9500,-0.1418,Calm-Down
2018-10-10,2785.6800,-3.2864,22.9600,-3.2864,Volatile-Down
2018-10-11,2728.3700,-2.0573,24.9800,-2.0573,Volatile-Down
2018-10-12,2767.1300,1.4206,21.3100,1.4206,Volatile-Up
2018-10-15,2750.7900,-0.5905,21.3000,-0.5905,Volatile-Down
2018-10-16,2809.9200,2.1496,17.6200,2.1496,Volatile-Up
2018-10-17,2809.2100,-0.0253,17.4000,-0.0253,Volatile-Down
2018-10-18,2768.7800,-1.4392,20.0600,-1.4392,Volatile-Down
2018-10-19,2767.7800,-0.0361,19.8900,-0.0361,Volatile-Down
2018-10-22,2755.8800,-0.4299,19.6400,-0.4299,Volatile-Down
2018-10-23,2740.6900,-0.5512,20.7100,-0.5512,Volatile-Down
2018-10-24,2656.1000,-3.0864,25.2300,-3.0864,Volatile-Down
2018-10-25,2705.5700,1.8625,24.2200,1.8625,Volatile-Up
2018-10-26,2658.6900,-1.7327,24.1600,-1.7327,Volatile-Down
2018-10-29,2641.2500,-0.6560,24.7000,-0.6560,Volatile-Down
2018-10-30,2682.6300,1.5667,23.3500,1.5667,Volatile-Up
2018-10-31,2711.7400,1.0851,21.2300,1.0851,Volatile-Up
2018-11-01,2740.3700,1.0558,19.3400,1.0558,Volatile-Up
2018-11-02,2723.0600,-0.6317,19.5100,-0.6317,Volatile-Down
2018-11-05,2738.3100,0.5600,19.9600,0.5600,Volatile-Up
2018-11-06,2755.4500,0.6259,19.9100,0.6259,Volatile-Up
2018-11-07,2813.8900,2.1209,16.3600,2.1209,Calm-Up
2018-11-08,2806.8300,-0.2509,16.7200,-0.2509,Calm-Down
2018-11-09,2781.0100,-0.9199,17.3600,-0.9199,Volatile-Down
2018-11-12,2726.2200,-1.9701,20.4500,-1.9701,Volatile-Down
2018-11-13,2722.1800,-0.1482,20.0200,-0.1482,Volatile-Down
2018-11-14,2701.5800,-0.7567,21.2500,-0.7567,Volatile-Down
2018-11-15,2730.2000,1.0594,19.9800,1.0594,Volatile-Up
2018-11-16,2736.2700,0.2223,18.1400,0.2223,Volatile-Up
2018-11-19,2690.7300,-1.6643,20.1000,-1.6643,Volatile-Down
2018-11-20,2641.8900,-1.8151,22.4800,-1.8151,Volatile-Down
2018-11-21,2649.9300,0.3043,20.8000,0.3043,Volatile-Up
2018-11-23,2632.5600,-0.6555,21.5200,-0.6555,Volatile-Down
2018-11-26,2673.4500,1.5532,18.9000,1.5532,Volatile-Up
2018-11-27,2682.1700,0.3262,19.0200,0.3262,Volatile-Up
2018-11-28,2743.7900,2.2974,18.4900,2.2974,Volatile-Up
2018-11-29,2737.7600,-0.2198,18.7900,-0.2198,Volatile-Down
2018-11-30,2760.1700,0.8186,18.0700,0.8186,Volatile-Up
2018-12-03,2790.3700,1.0941,16.4400,1.0941,Calm-Up
2018-12-04,2700.0600,-3.2365,20.7400,-3.2365,Volatile-Down
2018-12-06,2695.9500,-0.1522,21.1900,-0.1522,Volatile-Down
2018-12-07,2633.0800,-2.3320,23.2300,-2.3320,Volatile-Down
2018-12-10,2637.7200,0.1762,22.6400,0.1762,Volatile-Up
2018-12-11,2636.7800,-0.0356,21.7600,-0.0356,Volatile-Down
2018-12-12,2651.0700,0.5419,21.4600,0.5419,Volatile-Up
2018-12-13,2650.5400,-0.0200,20.6500,-0.0200,Volatile-Down
2018-12-14,2599.9500,-1.9087,21.6300,-1.9087,Volatile-Down
2018-12-17,2545.9400,-2.0773,24.5200,-2.0773,Volatile-Down
2018-12-18,2546.1600,0.0086,25.5800,0.0086,Volatile-Up
2018-12-19,2506.9600,-1.5396,25.5800,-1.5396,Volatile-Down
2018-12-20,2467.4200,-1.5772,28.3800,-1.5772,Volatile-Down
2018-12-21,2416.6200,-2.0588,30.1100,-2.0588,Volatile-Down
2018-12-24,2351.1000,-2.7112,36.0700,-2.7112,Volatile-Down
2018-12-26,2467.7000,4.9594,30.4100,4.9594,Volatile-Up
2018-12-27,2488.8300,0.8563,29.9600,0.8563,Volatile-Up
2018-12-28,2485.7400,-0.1242,28.3400,-0.1242,Volatile-Down
2018-12-31,2506.8500,0.8492,25.4200,0.8492,Volatile-Up
2019-01-02,2510.0300,0.1269,23.2200,0.1269,Volatile-Up
2019-01-03,2447.8900,-2.4757,25.4500,-2.4757,Volatile-Down
2019-01-04,2531.9400,3.4336,21.3800,3.4336,Volatile-Up
2019-01-07,2549.6900,0.7010,21.4000,0.7010,Volatile-Up
2019-01-08,2574.4100,0.9695,20.4700,0.9695,Volatile-Up
2019-01-09,2584.9600,0.4098,19.9800,0.4098,Volatile-Up
2019-01-10,2596.6400,0.4518,19.5000,0.4518,Volatile-Up
2019-01-11,2596.2600,-0.0146,18.1900,-0.0146,Volatile-Down
2019-01-14,2582.6100,-0.5258,19.0700,-0.5258,Volatile-Down
2019-01-15,2610.3000,1.0722,18.6000,1.0722,Volatile-Up
2019-01-16,2616.1000,0.2222,19.0400,0.2222,Volatile-Up
2019-01-17,2635.9600,0.7591,18.0600,0.7591,Volatile-Up
2019-01-18,2670.7100,1.3183,17.8000,1.3183,Volatile-Up
2019-01-22,2632.9000,-1.4157,20.8000,-1.4157,Volatile-Down
2019-01-23,2638.7000,0.2203,19.5200,0.2203,Volatile-Up
2019-01-24,2642.3300,0.1376,18.8900,0.1376,Volatile-Up
2019-01-25,2664.7600,0.8489,17.4200,0.8489,Volatile-Up
2019-01-28,2643.8500,-0.7847,18.8700,-0.7847,Volatile-Down
2019-01-29,2640.0000,-0.1456,19.1300,-0.1456,Volatile-Down
2019-01-30,2681.0500,1.5549,17.6600,1.5549,Volatile-Up
2019-01-31,2704.1000,0.8597,16.5700,0.8597,Calm-Up
2019-02-01,2706.5300,0.0899,16.1400,0.0899,Calm-Up
2019-02-04,2724.8700,0.6776,15.7300,0.6776,Calm-Up
2019-02-05,2737.7000,0.4708,15.5700,0.4708,Calm-Up
2019-02-06,2731.6100,-0.2224,15.3800,-0.2224,Calm-Down
2019-02-07,2706.0500,-0.9357,16.3700,-0.9357,Calm-Down
2019-02-08,2707.8800,0.0676,15.7200,0.0676,Calm-Up
2019-02-11,2709.8000,0.0709,15.9700,0.0709,Calm-Up
2019-02-12,2744.7300,1.2890,15.4300,1.2890,Calm-Up
2019-02-13,2753.0300,0.3024,15.6500,0.3024,Calm-Up
2019-02-14,2745.7300,-0.2652,16.2200,-0.2652,Calm-Down
2019-02-15,2775.6000,1.0879,14.9100,1.0879,Calm-Up
2019-02-19,2779.7600,0.1499,14.8800,0.1499,Calm-Up
2019-02-20,2784.7000,0.1777,14.0200,0.1777,Calm-Up
2019-02-21,2774.8800,-0.3526,14.4600,-0.3526,Calm-Down
2019-02-22,2792.6700,0.6411,13.5100,0.6411,Calm-Up
2019-02-25,2796.1100,0.1232,14.8500,0.1232,Calm-Up
2019-02-26,2793.9000,-0.0790,15.1700,-0.0790,Calm-Down
2019-02-27,2792.3800,-0.0544,14.7000,-0.0544,Calm-Down
2019-02-28,2784.4900,-0.2826,14.7800,-0.2826,Calm-Down
2019-03-01,2803.6900,0.6895,13.5700,0.6895,Calm-Up
2019-03-04,2792.8100,-0.3881,14.6300,-0.3881,Calm-Down
2019-03-05,2789.6500,-0.1131,14.7400,-0.1131,Calm-Down
2019-03-06,2771.4500,-0.6524,15.7400,-0.6524,Calm-Down
2019-03-07,2748.9300,-0.8126,16.5900,-0.8126,Calm-Down
2019-03-08,2743.0700,-0.2132,16.0500,-0.2132,Calm-Down
2019-03-11,2783.3000,1.4666,14.3300,1.4666,Calm-Up
2019-03-12,2791.5200,0.2953,13.7700,0.2953,Calm-Up
2019-03-13,2810.9200,0.6950,13.4100,0.6950,Calm-Up
2019-03-14,2808.4800,-0.0868,13.5000,-0.0868,Calm-Down
2019-03-15,2822.4800,0.4985,12.8800,0.4985,Calm-Up
2019-03-18,2832.9400,0.3706,13.1000,0.3706,Calm-Up
2019-03-19,2832.5700,-0.0131,13.5600,-0.0131,Calm-Down
2019-03-20,2824.2300,-0.2944,13.9100,-0.2944,Calm-Down
2019-03-21,2854.8800,1.0853,13.6300,1.0853,Calm-Up
2019-03-22,2800.7100,-1.8975,16.4800,-1.8975,Calm-Down
2019-03-25,2798.3600,-0.0839,16.3300,-0.0839,Calm-Down
2019-03-26,2818.4600,0.7183,14.6800,0.7183,Calm-Up
2019-03-27,2805.3700,-0.4644,15.1500,-0.4644,Calm-Down
2019-03-28,2815.4400,0.3590,14.4300,0.3590,Calm-Up
2019-03-29,2834.4000,0.6734,13.7100,0.6734,Calm-Up
2019-04-01,2867.1900,1.1569,13.4000,1.1569,Calm-Up
2019-04-02,2867.2400,0.0017,13.3600,0.0017,Calm-Up
2019-04-03,2873.4000,0.2148,13.7400,0.2148,Calm-Up
2019-04-04,2879.3900,0.2085,13.5800,0.2085,Calm-Up
2019-04-05,2892.7400,0.4636,12.8200,0.4636,Calm-Up
2019-04-08,2895.7700,0.1047,13.1800,0.1047,Calm-Up
2019-04-09,2878.2000,-0.6067,14.2800,-0.6067,Calm-Down
2019-04-10,2888.2100,0.3478,13.3000,0.3478,Calm-Up
2019-04-11,2888.3200,0.0038,13.0200,0.0038,Calm-Up
2019-04-12,2907.4100,0.6609,12.0100,0.6609,Calm-Up
2019-04-15,2905.5800,-0.0629,12.3200,-0.0629,Calm-Down
2019-04-16,2907.0600,0.0509,12.1800,0.0509,Calm-Up
2019-04-17,2900.4500,-0.2274,12.6000,-0.2274,Calm-Down
2019-04-18,2905.0300,0.1579,12.0900,0.1579,Calm-Up
2019-04-22,2907.9700,0.1012,12.4200,0.1012,Calm-Up
2019-04-23,2933.6800,0.8841,12.2800,0.8841,Calm-Up
2019-04-24,2927.2500,-0.2192,13.1400,-0.2192,Calm-Down
2019-04-25,2926.1700,-0.0369,13.2500,-0.0369,Calm-Down
2019-04-26,2939.8800,0.4685,12.7300,0.4685,Calm-Up
2019-04-29,2943.0300,0.1071,13.1100,0.1071,Calm-Up
2019-04-30,2945.8300,0.0951,13.1200,0.0951,Calm-Up
2019-05-01,2923.7300,-0.7502,14.8000,-0.7502,Calm-Down
2019-05-02,2917.5200,-0.2124,14.4200,-0.2124,Calm-Down
2019-05-03,2945.6400,0.9638,12.8700,0.9638,Calm-Up
2019-05-06,2932.4700,-0.4471,15.4400,-0.4471,Calm-Down
2019-05-07,2884.0500,-1.6512,19.3200,-1.6512,Volatile-Down
2019-05-08,2879.4200,-0.1605,19.4000,-0.1605,Volatile-Down
2019-05-09,2870.7200,-0.3021,19.1000,-0.3021,Volatile-Down
2019-05-10,2881.4000,0.3720,16.0400,0.3720,Calm-Up
2019-05-13,2811.8700,-2.4131,20.5500,-2.4131,Volatile-Down
2019-05-14,2834.4100,0.8016,18.0600,0.8016,Volatile-Up
2019-05-15,2850.9600,0.5839,16.4400,0.5839,Calm-Up
2019-05-16,2876.3200,0.8895,15.2900,0.8895,Calm-Up
2019-05-17,2859.5300,-0.5837,15.9600,-0.5837,Calm-Down
2019-05-20,2840.2300,-0.6749,16.3100,-0.6749,Calm-Down
2019-05-21,2864.3600,0.8496,14.9500,0.8496,Calm-Up
2019-05-22,2856.2700,-0.2824,14.7500,-0.2824,Calm-Down
2019-05-23,2822.2400,-1.1914,16.9200,-1.1914,Calm-Down
2019-05-24,2826.0600,0.1354,15.8500,0.1354,Calm-Up
2019-05-28,2802.3900,-0.8376,17.5000,-0.8376,Volatile-Down
2019-05-29,2783.0200,-0.6912,17.9000,-0.6912,Volatile-Down
2019-05-30,2788.8600,0.2098,17.3000,0.2098,Volatile-Up
2019-05-31,2752.0600,-1.3195,18.7100,-1.3195,Volatile-Down
2019-06-03,2744.4500,-0.2765,18.8600,-0.2765,Volatile-Down
2019-06-04,2803.2700,2.1432,16.9700,2.1432,Calm-Up
2019-06-05,2826.1500,0.8162,16.0900,0.8162,Calm-Up
2019-06-06,2843.4900,0.6136,15.9300,0.6136,Calm-Up
2019-06-07,2873.3400,1.0498,16.3000,1.0498,Calm-Up
2019-06-10,2886.7300,0.4660,15.9400,0.4660,Calm-Up
2019-06-11,2885.7200,-0.0350,15.9900,-0.0350,Calm-Down
2019-06-12,2879.8400,-0.2038,15.9100,-0.2038,Calm-Down
2019-06-13,2891.6400,0.4097,15.8200,0.4097,Calm-Up
2019-06-14,2886.9800,-0.1612,15.2800,-0.1612,Calm-Down
2019-06-17,2889.6700,0.0932,15.3500,0.0932,Calm-Up
2019-06-18,2917.7500,0.9717,15.1500,0.9717,Calm-Up
2019-06-19,2926.4600,0.2985,14.3300,0.2985,Calm-Up
2019-06-20,2954.1800,0.9472,14.7500,0.9472,Calm-Up
2019-06-21,2950.4600,-0.1259,15.4000,-0.1259,Calm-Down
2019-06-24,2945.3500,-0.1732,15.2600,-0.1732,Calm-Down
2019-06-25,2917.3800,-0.9496,16.2800,-0.9496,Calm-Down
2019-06-26,2913.7800,-0.1234,16.2100,-0.1234,Calm-Down
2019-06-27,2924.9200,0.3823,15.8200,0.3823,Calm-Up
2019-06-28,2941.7600,0.5757,15.0800,0.5757,Calm-Up
2019-07-01,2964.3300,0.7672,14.0600,0.7672,Calm-Up
2019-07-02,2973.0100,0.2928,12.9300,0.2928,Calm-Up
2019-07-03,2995.8200,0.7672,12.5700,0.7672,Calm-Up
2019-07-05,2990.4100,-0.1806,13.2800,-0.1806,Calm-Down
2019-07-08,2975.9500,-0.4835,13.9600,-0.4835,Calm-Down
2019-07-09,2979.6300,0.1237,14.0900,0.1237,Calm-Up
2019-07-10,2993.0700,0.4511,13.0300,0.4511,Calm-Up
2019-07-11,2999.9100,0.2285,12.9300,0.2285,Calm-Up
2019-07-12,3013.7700,0.4620,12.3900,0.4620,Calm-Up
2019-07-15,3014.3000,0.0176,12.6800,0.0176,Calm-Up
2019-07-16,3004.0400,-0.3404,12.8600,-0.3404,Calm-Down
2019-07-17,2984.4200,-0.6531,13.9700,-0.6531,Calm-Down
2019-07-18,2995.1100,0.3582,13.5300,0.3582,Calm-Up
2019-07-19,2976.6100,-0.6177,14.4500,-0.6177,Calm-Down
2019-07-22,2985.0300,0.2829,13.5300,0.2829,Calm-Up
2019-07-23,3005.4700,0.6848,12.6100,0.6848,Calm-Up
2019-07-24,3019.5600,0.4688,12.0700,0.4688,Calm-Up
2019-07-25,3003.6700,-0.5262,12.7400,-0.5262,Calm-Down
2019-07-26,3025.8600,0.7388,12.1600,0.7388,Calm-Up
2019-07-29,3020.9700,-0.1616,12.8300,-0.1616,Calm-Down
2019-07-30,3013.1800,-0.2579,13.9400,-0.2579,Calm-Down
2019-07-31,2980.3800,-1.0886,16.1200,-1.0886,Calm-Down
2019-08-01,2953.5600,-0.8999,17.8700,-0.8999,Volatile-Down
2019-08-02,2932.0500,-0.7283,17.6100,-0.7283,Volatile-Down
2019-08-05,2844.7400,-2.9778,24.5900,-2.9778,Volatile-Down
2019-08-06,2881.7700,1.3017,20.1700,1.3017,Volatile-Up
2019-08-07,2883.9800,0.0767,19.4900,0.0767,Volatile-Up
2019-08-08,2938.0900,1.8762,16.9100,1.8762,Calm-Up
2019-08-09,2918.6500,-0.6617,17.9700,-0.6617,Volatile-Down
2019-08-12,2883.7500,-1.1958,21.0900,-1.1958,Volatile-Down
2019-08-13,2926.3200,1.4762,17.5200,1.4762,Volatile-Up
2019-08-14,2840.6000,-2.9293,22.1000,-2.9293,Volatile-Down
2019-08-15,2847.6000,0.2464,21.1800,0.2464,Volatile-Up
2019-08-16,2888.6800,1.4426,18.4700,1.4426,Volatile-Up
2019-08-19,2923.6500,1.2106,16.8800,1.2106,Calm-Up
2019-08-20,2900.5100,-0.7915,17.5000,-0.7915,Volatile-Down
2019-08-21,2924.4300,0.8247,15.8000,0.8247,Calm-Up
2019-08-22,2922.9500,-0.0506,16.6800,-0.0506,Calm-Down
2019-08-23,2847.1100,-2.5946,19.8700,-2.5946,Volatile-Down
2019-08-26,2878.3800,1.0983,19.3200,1.0983,Volatile-Up
2019-08-27,2869.1600,-0.3203,20.3100,-0.3203,Volatile-Down
2019-08-28,2887.9400,0.6545,19.3500,0.6545,Volatile-Up
2019-08-29,2924.5800,1.2687,17.8800,1.2687,Volatile-Up
2019-08-30,2926.4600,0.0643,18.9800,0.0643,Volatile-Up
2019-09-03,2906.2700,-0.6899,19.6600,-0.6899,Volatile-Down
2019-09-04,2937.7800,1.0842,17.3300,1.0842,Volatile-Up
2019-09-05,2976.0000,1.3010,16.2700,1.3010,Calm-Up
2019-09-06,2978.7100,0.0911,15.0000,0.0911,Calm-Up
2019-09-09,2978.4300,-0.0094,15.2700,-0.0094,Calm-Down
2019-09-10,2979.3900,0.0322,15.2000,0.0322,Calm-Up
2019-09-11,3000.9300,0.7230,14.6100,0.7230,Calm-Up
2019-09-12,3009.5700,0.2879,14.2200,0.2879,Calm-Up
2019-09-13,3007.3900,-0.0724,13.7400,-0.0724,Calm-Down
2019-09-16,2997.9600,-0.3136,14.6700,-0.3136,Calm-Down
2019-09-17,3005.7000,0.2582,14.4400,0.2582,Calm-Up
2019-09-18,3006.7300,0.0343,13.9500,0.0343,Calm-Up
2019-09-19,3006.7900,0.0020,14.0500,0.0020,Calm-Up
2019-09-20,2992.0700,-0.4896,15.3200,-0.4896,Calm-Down
2019-09-23,2991.7800,-0.0097,14.9100,-0.0097,Calm-Down
2019-09-24,2966.6000,-0.8416,17.0500,-0.8416,Volatile-Down
2019-09-25,2984.8700,0.6159,15.9600,0.6159,Calm-Up
2019-09-26,2977.6200,-0.2429,16.0700,-0.2429,Calm-Down
2019-09-27,2961.7900,-0.5316,17.2200,-0.5316,Volatile-Down
2019-09-30,2976.7400,0.5048,16.2400,0.5048,Calm-Up
2019-10-01,2940.2500,-1.2258,18.5600,-1.2258,Volatile-Down
2019-10-02,2887.6100,-1.7903,20.5600,-1.7903,Volatile-Down
2019-10-03,2910.6300,0.7972,19.1200,0.7972,Volatile-Up
2019-10-04,2952.0100,1.4217,17.0400,1.4217,Volatile-Up
2019-10-07,2938.7900,-0.4478,17.8600,-0.4478,Volatile-Down
2019-10-08,2893.0600,-1.5561,20.2800,-1.5561,Volatile-Down
2019-10-09,2919.4000,0.9105,18.6400,0.9105,Volatile-Up
2019-10-10,2938.1300,0.6416,17.5700,0.6416,Volatile-Up
2019-10-11,2970.2700,1.0939,15.5800,1.0939,Calm-Up
2019-10-14,2966.1500,-0.1387,14.5700,-0.1387,Calm-Down
2019-10-15,2995.6800,0.9956,13.5400,0.9956,Calm-Up
2019-10-16,2989.6900,-0.2000,13.6800,-0.2000,Calm-Down
2019-10-17,2997.9500,0.2763,13.7900,0.2763,Calm-Up
2019-10-18,2986.2000,-0.3919,14.2500,-0.3919,Calm-Down
2019-10-21,3006.7200,0.6872,14.0000,0.6872,Calm-Up
2019-10-22,2995.9900,-0.3569,14.4600,-0.3569,Calm-Down
2019-10-23,3004.5200,0.2847,14.0100,0.2847,Calm-Up
2019-10-24,3010.2900,0.1920,13.7100,0.1920,Calm-Up
2019-10-25,3022.5500,0.4073,12.6500,0.4073,Calm-Up
2019-10-28,3039.4200,0.5581,13.1100,0.5581,Calm-Up
2019-10-29,3036.8900,-0.0832,13.2000,-0.0832,Calm-Down
2019-10-30,3046.7700,0.3253,12.3300,0.3253,Calm-Up
2019-10-31,3037.5600,-0.3023,13.2200,-0.3023,Calm-Down
2019-11-01,3066.9100,0.9662,12.3000,0.9662,Calm-Up
2019-11-04,3078.2700,0.3704,12.8300,0.3704,Calm-Up
2019-11-05,3074.6200,-0.1186,13.1000,-0.1186,Calm-Down
2019-11-06,3076.7800,0.0703,12.6200,0.0703,Calm-Up
2019-11-07,3085.1800,0.2730,12.7300,0.2730,Calm-Up
2019-11-08,3093.0800,0.2561,12.0700,0.2561,Calm-Up
2019-11-11,3087.0100,-0.1962,12.6900,-0.1962,Calm-Down
2019-11-12,3091.8400,0.1565,12.6800,0.1565,Calm-Up
2019-11-13,3094.0400,0.0712,13.0000,0.0712,Calm-Up
2019-11-14,3096.6300,0.0837,13.0500,0.0837,Calm-Up
2019-11-15,3120.4600,0.7695,12.0500,0.7695,Calm-Up
2019-11-18,3122.0300,0.0503,12.4600,0.0503,Calm-Up
2019-11-19,3120.1800,-0.0593,12.8600,-0.0593,Calm-Down
2019-11-20,3108.4600,-0.3756,12.7800,-0.3756,Calm-Down
2019-11-21,3103.5400,-0.1583,13.1300,-0.1583,Calm-Down
2019-11-22,3110.2900,0.2175,12.3400,0.2175,Calm-Up
2019-11-25,3133.6400,0.7507,11.8700,0.7507,Calm-Up
2019-11-26,3140.5200,0.2196,11.5400,0.2196,Calm-Up
2019-11-27,3153.6300,0.4174,11.7500,0.4174,Calm-Up
2019-11-29,3140.9800,-0.4011,12.6200,-0.4011,Calm-Down
2019-12-02,3113.8700,-0.8631,14.9100,-0.8631,Calm-Down
2019-12-03,3093.2000,-0.6638,15.9600,-0.6638,Calm-Down
2019-12-04,3112.7600,0.6324,14.8000,0.6324,Calm-Up
2019-12-05,3117.4300,0.1500,14.5200,0.1500,Calm-Up
2019-12-06,3145.9100,0.9136,13.6200,0.9136,Calm-Up
2019-12-09,3135.9600,-0.3163,15.8600,-0.3163,Calm-Down
2019-12-10,3132.5200,-0.1097,15.6800,-0.1097,Calm-Down
2019-12-11,3141.6300,0.2908,14.9900,0.2908,Calm-Up
2019-12-12,3168.5700,0.8575,13.9400,0.8575,Calm-Up
2019-12-13,3168.8000,0.0073,12.6300,0.0073,Calm-Up
2019-12-16,3191.4500,0.7148,12.1400,0.7148,Calm-Up
2019-12-17,3192.5200,0.0335,12.2900,0.0335,Calm-Up
2019-12-18,3191.1400,-0.0432,12.5800,-0.0432,Calm-Down
2019-12-19,3205.3700,0.4459,12.5000,0.4459,Calm-Up
2019-12-20,3221.2200,0.4945,12.5100,0.4945,Calm-Up
2019-12-23,3224.0100,0.0866,12.6100,0.0866,Calm-Up
2019-12-24,3223.3800,-0.0195,12.6700,-0.0195,Calm-Down
2019-12-26,3239.9100,0.5128,12.6500,0.5128,Calm-Up
2019-12-27,3240.0200,0.0034,13.4300,0.0034,Calm-Up
2019-12-30,3221.2900,-0.5781,14.8200,-0.5781,Calm-Down
2019-12-31,3230.7800,0.2946,13.7800,0.2946,Calm-Up
2020-01-02,3257.8500,0.8379,12.4700,0.8379,Calm-Up
2020-01-03,3234.8500,-0.7060,14.0200,-0.7060,Calm-Down
2020-01-06,3246.2800,0.3533,13.8500,0.3533,Calm-Up
2020-01-07,3237.1800,-0.2803,13.7900,-0.2803,Calm-Down
2020-01-08,3253.0500,0.4902,13.4500,0.4902,Calm-Up
2020-01-09,3274.7000,0.6655,12.5400,0.6655,Calm-Up
2020-01-10,3265.3500,-0.2855,12.5600,-0.2855,Calm-Down
2020-01-13,3288.1300,0.6976,12.3200,0.6976,Calm-Up
2020-01-14,3283.1500,-0.1515,12.3900,-0.1515,Calm-Down
2020-01-15,3289.2900,0.1870,12.4200,0.1870,Calm-Up
2020-01-16,3316.8100,0.8367,12.3200,0.8367,Calm-Up
2020-01-17,3329.6200,0.3862,12.1000,0.3862,Calm-Up
2020-01-21,3320.7900,-0.2652,12.8500,-0.2652,Calm-Down
2020-01-22,3321.7500,0.0289,12.9100,0.0289,Calm-Up
2020-01-23,3325.5400,0.1141,12.9800,0.1141,Calm-Up
2020-01-24,3295.4700,-0.9042,14.5600,-0.9042,Calm-Down
2020-01-27,3243.6300,-1.5731,18.2300,-1.5731,Volatile-Down
2020-01-28,3276.2400,1.0054,16.2800,1.0054,Calm-Up
2020-01-29,3273.4000,-0.0867,16.3900,-0.0867,Calm-Down
2020-01-30,3283.6600,0.3134,15.4900,0.3134,Calm-Up
2020-01-31,3225.5200,-1.7706,18.8400,-1.7706,Volatile-Down
2020-02-03,3248.9200,0.7255,17.9700,0.7255,Volatile-Up
2020-02-04,3297.5900,1.4980,16.0500,1.4980,Calm-Up
2020-02-05,3334.6900,1.1251,15.1500,1.1251,Calm-Up
2020-02-06,3345.7800,0.3326,14.9600,0.3326,Calm-Up
2020-02-07,3327.7100,-0.5401,15.4700,-0.5401,Calm-Down
2020-02-10,3352.0900,0.7326,15.0400,0.7326,Calm-Up
2020-02-11,3357.7500,0.1688,15.1800,0.1688,Calm-Up
2020-02-12,3379.4500,0.6463,13.7400,0.6463,Calm-Up
2020-02-13,3373.9400,-0.1630,14.1500,-0.1630,Calm-Down
2020-02-14,3380.1600,0.1844,13.6800,0.1844,Calm-Up
2020-02-18,3370.2900,-0.2920,14.8300,-0.2920,Calm-Down
2020-02-19,3386.1500,0.4706,14.3800,0.4706,Calm-Up
2020-02-20,3373.2300,-0.3816,15.5600,-0.3816,Calm-Down
2020-02-21,3337.7500,-1.0518,17.0800,-1.0518,Volatile-Down
2020-02-24,3225.8900,-3.3514,25.0300,-3.3514,Volatile-Down
2020-02-25,3128.2100,-3.0280,27.8500,-3.0280,Volatile-Down
2020-02-26,3116.3900,-0.3779,27.5600,-0.3779,Volatile-Down
2020-02-27,2978.7600,-4.4163,39.1600,-4.4163,Volatile-Down
2020-02-28,2954.2200,-0.8238,40.1100,-0.8238,Volatile-Down
2020-03-02,3090.2300,4.6039,33.4200,4.6039,Volatile-Up
2020-03-03,3003.3700,-2.8108,36.8200,-2.8108,Volatile-Down
2020-03-04,3130.1200,4.2203,31.9900,4.2203,Volatile-Up
2020-03-05,3023.9400,-3.3922,39.6200,-3.3922,Volatile-Down
2020-03-06,2972.3700,-1.7054,41.9400,-1.7054,Volatile-Down
2020-03-09,2746.5600,-7.5970,54.4600,-7.5970,Volatile-Down
2020-03-10,2882.2300,4.9396,47.3000,4.9396,Volatile-Up
2020-03-11,2741.3800,-4.8868,53.9000,-4.8868,Volatile-Down
2020-03-12,2480.6400,-9.5113,75.4700,-9.5113,Volatile-Down
2020-03-13,2711.0200,9.2871,57.8300,9.2871,Volatile-Up
2020-03-16,2386.1300,-11.9841,82.6900,-11.9841,Volatile-Down
2020-03-17,2529.1900,5.9955,75.9100,5.9955,Volatile-Up
2020-03-18,2398.1000,-5.1831,76.4500,-5.1831,Volatile-Down
2020-03-19,2409.3900,0.4708,72.0000,0.4708,Volatile-Up
2020-03-20,2304.9200,-4.3360,66.0400,-4.3360,Volatile-Down
2020-03-23,2237.4000,-2.9294,61.5900,-2.9294,Volatile-Down
2020-03-24,2447.3300,9.3828,61.6700,9.3828,Volatile-Up
2020-03-25,2475.5600,1.1535,63.9500,1.1535,Volatile-Up
2020-03-26,2630.0700,6.2414,61.0000,6.2414,Volatile-Up
2020-03-27,2541.4700,-3.3687,65.5400,-3.3687,Volatile-Down
2020-03-30,2626.6500,3.3516,57.0800,3.3516,Volatile-Up
2020-03-31,2584.5900,-1.6013,53.5400,-1.6013,Volatile-Down
2020-04-01,2470.5000,-4.4142,57.0600,-4.4142,Volatile-Down
2020-04-02,2526.9000,2.2829,50.9100,2.2829,Volatile-Up
2020-04-03,2488.6500,-1.5137,46.8000,-1.5137,Volatile-Down
2020-04-06,2663.6800,7.0331,45.2400,7.0331,Volatile-Up
2020-04-07,2659.4100,-0.1603,46.7000,-0.1603,Volatile-Down
2020-04-08,2749.9800,3.4056,43.3500,3.4056,Volatile-Up
2020-04-09,2789.8200,1.4487,41.6700,1.4487,Volatile-Up
2020-04-13,2761.6300,-1.0105,41.1700,-1.0105,Volatile-Down
2020-04-14,2846.0600,3.0573,37.7600,3.0573,Volatile-Up
2020-04-15,2783.3600,-2.2030,40.8400,-2.2030,Volatile-Down
2020-04-16,2799.5500,0.5817,40.1100,0.5817,Volatile-Up
2020-04-17,2874.5600,2.6794,38.1500,2.6794,Volatile-Up
2020-04-20,2823.1600,-1.7881,43.8300,-1.7881,Volatile-Down
2020-04-21,2736.5600,-3.0675,45.4100,-3.0675,Volatile-Down
2020-04-22,2799.3100,2.2930,41.9800,2.2930,Volatile-Up
2020-04-23,2797.8000,-0.0539,41.3800,-0.0539,Volatile-Down
2020-04-24,2836.7400,1.3918,35.9300,1.3918,Volatile-Up
2020-04-27,2878.4800,1.4714,33.2900,1.4714,Volatile-Up
2020-04-28,2863.3900,-0.5242,33.5700,-0.5242,Volatile-Down
2020-04-29,2939.5100,2.6584,31.2300,2.6584,Volatile-Up
2020-04-30,2912.4300,-0.9212,34.1500,-0.9212,Volatile-Down
2020-05-01,2830.7100,-2.8059,37.1900,-2.8059,Volatile-Down
2020-05-04,2842.7400,0.4250,35.9700,0.4250,Volatile-Up
2020-05-05,2868.4400,0.9041,33.6100,0.9041,Volatile-Up
2020-05-06,2848.4200,-0.6979,34.1200,-0.6979,Volatile-Down
2020-05-07,2881.1900,1.1505,31.4400,1.1505,Volatile-Up
2020-05-08,2929.8000,1.6872,27.9800,1.6872,Volatile-Up
2020-05-11,2930.3200,0.0177,27.5700,0.0177,Volatile-Up
2020-05-12,2870.1200,-2.0544,33.0400,-2.0544,Volatile-Down
2020-05-13,2820.0000,-1.7463,35.2800,-1.7463,Volatile-Down
2020-05-14,2852.5000,1.1525,32.6100,1.1525,Volatile-Up
2020-05-15,2863.7000,0.3926,31.8900,0.3926,Volatile-Up
2020-05-18,2953.9100,3.1501,29.3000,3.1501,Volatile-Up
2020-05-19,2922.9400,-1.0484,30.5300,-1.0484,Volatile-Down
2020-05-20,2971.6100,1.6651,27.9900,1.6651,Volatile-Up
2020-05-21,2948.5100,-0.7774,29.5300,-0.7774,Volatile-Down
2020-05-22,2955.4500,0.2354,28.1600,0.2354,Volatile-Up
2020-05-26,2991.7700,1.2289,28.0100,1.2289,Volatile-Up
2020-05-27,3036.1300,1.4827,27.6200,1.4827,Volatile-Up
2020-05-28,3029.7300,-0.2108,28.5900,-0.2108,Volatile-Down
2020-05-29,3044.3100,0.4812,27.5100,0.4812,Volatile-Up
2020-06-01,3055.7300,0.3751,28.2300,0.3751,Volatile-Up
2020-06-02,3080.8200,0.8211,26.8400,0.8211,Volatile-Up
2020-06-03,3122.8700,1.3649,25.6600,1.3649,Volatile-Up
2020-06-04,3112.3500,-0.3369,25.8100,-0.3369,Volatile-Down
2020-06-05,3193.9300,2.6212,24.5200,2.6212,Volatile-Up
2020-06-08,3232.3900,1.2042,25.8100,1.2042,Volatile-Up
2020-06-09,3207.1800,-0.7799,27.5700,-0.7799,Volatile-Down
2020-06-10,3190.1400,-0.5313,27.5700,-0.5313,Volatile-Down
2020-06-11,3002.1000,-5.8944,40.7900,-5.8944,Volatile-Down
2020-06-12,3041.3100,1.3061,36.0900,1.3061,Volatile-Up
2020-06-15,3066.5900,0.8312,34.4000,0.8312,Volatile-Up
2020-06-16,3124.7400,1.8962,33.6700,1.8962,Volatile-Up
2020-06-17,3113.4900,-0.3600,33.4700,-0.3600,Volatile-Down
2020-06-18,3115.3400,0.0594,32.9400,0.0594,Volatile-Up
2020-06-19,3097.7400,-0.5649,35.1200,-0.5649,Volatile-Down
2020-06-22,3117.8600,0.6495,31.7700,0.6495,Volatile-Up
2020-06-23,3131.2900,0.4307,31.3700,0.4307,Volatile-Up
2020-06-24,3050.3300,-2.5855,33.8400,-2.5855,Volatile-Down
2020-06-25,3083.7600,1.0959,32.2200,1.0959,Volatile-Up
2020-06-26,3009.0500,-2.4227,34.7300,-2.4227,Volatile-Down
2020-06-29,3053.2400,1.4686,31.7800,1.4686,Volatile-Up
2020-06-30,3100.2900,1.5410,30.4300,1.5410,Volatile-Up
2020-07-01,3115.8600,0.5022,28.6200,0.5022,Volatile-Up
2020-07-02,3130.0100,0.4541,27.6800,0.4541,Volatile-Up
2020-07-06,3179.7200,1.5882,27.9400,1.5882,Volatile-Up
2020-07-07,3145.3200,-1.0819,29.4300,-1.0819,Volatile-Down
2020-07-08,3169.9400,0.7828,28.0800,0.7828,Volatile-Up
2020-07-09,3152.0500,-0.5644,29.2600,-0.5644,Volatile-Down
2020-07-10,3185.0400,1.0466,27.2900,1.0466,Volatile-Up
2020-07-13,3155.2200,-0.9363,32.1900,-0.9363,Volatile-Down
2020-07-14,3197.5200,1.3406,29.5200,1.3406,Volatile-Up
2020-07-15,3226.5600,0.9082,27.7600,0.9082,Volatile-Up
2020-07-16,3215.5700,-0.3406,28.0000,-0.3406,Volatile-Down
2020-07-17,3224.7300,0.2849,25.6800,0.2849,Volatile-Up
2020-07-20,3251.8400,0.8407,24.4600,0.8407,Volatile-Up
2020-07-21,3257.3000,0.1679,24.8400,0.1679,Volatile-Up
2020-07-22,3276.0200,0.5747,24.3200,0.5747,Volatile-Up
2020-07-23,3235.6600,-1.2320,26.0800,-1.2320,Volatile-Down
2020-07-24,3215.6300,-0.6190,25.8400,-0.6190,Volatile-Down
2020-07-27,3239.4100,0.7395,24.7400,0.7395,Volatile-Up
2020-07-28,3218.4400,-0.6473,25.4400,-0.6473,Volatile-Down
2020-07-29,3258.4400,1.2428,24.1000,1.2428,Volatile-Up
2020-07-30,3246.2200,-0.3750,24.7600,-0.3750,Volatile-Down
2020-07-31,3271.1200,0.7670,24.4600,0.7670,Volatile-Up
2020-08-03,3294.6100,0.7181,24.2800,0.7181,Volatile-Up
2020-08-04,3306.5100,0.3612,23.7600,0.3612,Volatile-Up
2020-08-05,3327.7700,0.6430,22.9900,0.6430,Volatile-Up
2020-08-06,3349.1600,0.6428,22.6500,0.6428,Volatile-Up
2020-08-07,3351.2800,0.0633,22.2100,0.0633,Volatile-Up
2020-08-10,3360.4700,0.2742,22.1300,0.2742,Volatile-Up
2020-08-11,3333.6900,-0.7969,24.0300,-0.7969,Volatile-Down
2020-08-12,3380.3500,1.3997,22.2800,1.3997,Volatile-Up
2020-08-13,3373.4300,-0.2047,22.1300,-0.2047,Volatile-Down
2020-08-14,3372.8500,-0.0172,22.0500,-0.0172,Volatile-Down
2020-08-17,3381.9900,0.2710,21.3500,0.2710,Volatile-Up
2020-08-18,3389.7800,0.2303,21.5100,0.2303,Volatile-Up
2020-08-19,3374.8500,-0.4404,22.5400,-0.4404,Volatile-Down
2020-08-20,3385.5100,0.3159,22.7200,0.3159,Volatile-Up
2020-08-21,3397.1600,0.3441,22.5400,0.3441,Volatile-Up
2020-08-24,3431.2800,1.0044,22.3700,1.0044,Volatile-Up
2020-08-25,3443.6200,0.3596,22.0300,0.3596,Volatile-Up
2020-08-26,3478.7300,1.0196,23.2700,1.0196,Volatile-Up
2020-08-27,3484.5500,0.1673,24.4700,0.1673,Volatile-Up
2020-08-28,3508.0100,0.6733,22.9600,0.6733,Volatile-Up
2020-08-31,3500.3100,-0.2195,26.4100,-0.2195,Volatile-Down
2020-09-01,3526.6500,0.7525,26.1200,0.7525,Volatile-Up
2020-09-02,3580.8400,1.5366,26.5700,1.5366,Volatile-Up
2020-09-03,3455.0600,-3.5126,33.6000,-3.5126,Volatile-Down
2020-09-04,3426.9600,-0.8133,30.7500,-0.8133,Volatile-Down
2020-09-08,3331.8400,-2.7756,31.4600,-2.7756,Volatile-Down
2020-09-09,3398.9600,2.0145,28.8100,2.0145,Volatile-Up
2020-09-10,3339.1900,-1.7585,29.7100,-1.7585,Volatile-Down
2020-09-11,3340.9700,0.0533,26.8700,0.0533,Volatile-Up
2020-09-14,3383.5400,1.2742,25.8500,1.2742,Volatile-Up
2020-09-15,3401.2000,0.5219,25.5900,0.5219,Volatile-Up
2020-09-16,3385.4900,-0.4619,26.0400,-0.4619,Volatile-Down
2020-09-17,3357.0100,-0.8412,26.4600,-0.8412,Volatile-Down
2020-09-18,3319.4700,-1.1183,25.8300,-1.1183,Volatile-Down
2020-09-21,3281.0600,-1.1571,27.7800,-1.1571,Volatile-Down
2020-09-22,3315.5700,1.0518,26.8600,1.0518,Volatile-Up
2020-09-23,3236.9200,-2.3721,28.5800,-2.3721,Volatile-Down
2020-09-24,3246.5900,0.2987,28.5100,0.2987,Volatile-Up
2020-09-25,3298.4600,1.5977,26.3800,1.5977,Volatile-Up
2020-09-28,3351.6000,1.6111,26.1900,1.6111,Volatile-Up
2020-09-29,3335.4700,-0.4813,26.2700,-0.4813,Volatile-Down
2020-09-30,3363.0000,0.8254,26.3700,0.8254,Volatile-Up
2020-10-01,3380.8000,0.5293,26.7000,0.5293,Volatile-Up
2020-10-02,3348.4400,-0.9572,27.6300,-0.9572,Volatile-Down
2020-10-05,3408.6300,1.7976,27.9600,1.7976,Volatile-Up
2020-10-06,3360.9500,-1.3988,29.4800,-1.3988,Volatile-Down
2020-10-07,3419.4500,1.7406,28.0600,1.7406,Volatile-Up
2020-10-08,3446.8300,0.8007,26.3600,0.8007,Volatile-Up
2020-10-09,3477.1300,0.8791,25.0000,0.8791,Volatile-Up
2020-10-12,3534.2200,1.6419,25.0700,1.6419,Volatile-Up
2020-10-13,3511.9300,-0.6307,26.0700,-0.6307,Volatile-Down
2020-10-14,3488.6700,-0.6623,26.4000,-0.6623,Volatile-Down
2020-10-15,3483.3400,-0.1528,26.9700,-0.1528,Volatile-Down
2020-10-16,3483.8100,0.0135,27.4100,0.0135,Volatile-Up
2020-10-19,3426.9200,-1.6330,29.1800,-1.6330,Volatile-Down
2020-10-20,3443.1200,0.4727,29.3500,0.4727,Volatile-Up
2020-10-21,3435.5600,-0.2196,28.6500,-0.2196,Volatile-Down
2020-10-22,3453.4900,0.5219,28.1100,0.5219,Volatile-Up
2020-10-23,3465.3900,0.3446,27.5500,0.3446,Volatile-Up
2020-10-26,3400.9700,-1.8590,32.4600,-1.8590,Volatile-Down
2020-10-27,3390.6800,-0.3026,33.3500,-0.3026,Volatile-Down
2020-10-28,3271.0300,-3.5288,40.2800,-3.5288,Volatile-Down
2020-10-29,3310.1100,1.1947,37.5900,1.1947,Volatile-Up
2020-10-30,3269.9600,-1.2130,38.0200,-1.2130,Volatile-Down
2020-11-02,3310.2400,1.2318,37.1300,1.2318,Volatile-Up
2020-11-03,3369.1600,1.7799,35.5500,1.7799,Volatile-Up
2020-11-04,3443.4400,2.2047,29.5700,2.2047,Volatile-Up
2020-11-05,3510.4500,1.9460,27.5800,1.9460,Volatile-Up
2020-11-06,3509.4400,-0.0288,24.8600,-0.0288,Volatile-Down
2020-11-09,3550.5000,1.1700,25.7500,1.1700,Volatile-Up
2020-11-10,3545.5300,-0.1400,24.8000,-0.1400,Volatile-Down
2020-11-11,3572.6600,0.7652,23.4500,0.7652,Volatile-Up
2020-11-12,3537.0100,-0.9979,25.3500,-0.9979,Volatile-Down
2020-11-13,3585.1500,1.3610,23.1000,1.3610,Volatile-Up
2020-11-16,3626.9100,1.1648,22.4500,1.1648,Volatile-Up
2020-11-17,3609.5300,-0.4792,22.7100,-0.4792,Volatile-Down
2020-11-18,3567.7900,-1.1564,23.8400,-1.1564,Volatile-Down
2020-11-19,3581.8700,0.3946,23.1100,0.3946,Volatile-Up
2020-11-20,3557.5400,-0.6793,23.7000,-0.6793,Volatile-Down
2020-11-23,3577.5900,0.5636,22.6600,0.5636,Volatile-Up
2020-11-24,3635.4100,1.6162,21.6400,1.6162,Volatile-Up
2020-11-25,3629.6500,-0.1584,21.2500,-0.1584,Volatile-Down
2020-11-27,3638.3500,0.2397,20.8400,0.2397,Volatile-Up
2020-11-30,3621.6300,-0.4595,20.5700,-0.4595,Volatile-Down
2020-12-01,3662.4500,1.1271,20.7700,1.1271,Volatile-Up
2020-12-02,3669.0100,0.1791,21.1700,0.1791,Volatile-Up
2020-12-03,3666.7200,-0.0624,21.2800,-0.0624,Volatile-Down
2020-12-04,3699.1200,0.8836,20.7900,0.8836,Volatile-Up
2020-12-07,3691.9600,-0.1936,21.3000,-0.1936,Volatile-Down
2020-12-08,3702.2500,0.2787,20.6800,0.2787,Volatile-Up
2020-12-09,3672.8200,-0.7949,22.2700,-0.7949,Volatile-Down
2020-12-10,3668.1000,-0.1285,22.5200,-0.1285,Volatile-Down
2020-12-11,3663.4600,-0.1265,23.3100,-0.1265,Volatile-Down
2020-12-14,3647.4900,-0.4359,24.7200,-0.4359,Volatile-Down
2020-12-15,3694.6200,1.2921,22.8900,1.2921,Volatile-Up
2020-12-16,3701.1700,0.1773,22.5000,0.1773,Volatile-Up
2020-12-17,3722.4800,0.5758,21.9300,0.5758,Volatile-Up
2020-12-18,3709.4100,-0.3511,21.5700,-0.3511,Volatile-Down
2020-12-21,3694.9200,-0.3906,25.1600,-0.3906,Volatile-Down
2020-12-22,3687.2600,-0.2073,24.2300,-0.2073,Volatile-Down
2020-12-23,3690.0100,0.0746,23.3100,0.0746,Volatile-Up
2020-12-24,3703.0600,0.3537,21.5300,0.3537,Volatile-Up
2020-12-28,3735.3600,0.8723,21.7000,0.8723,Volatile-Up
2020-12-29,3727.0400,-0.2227,23.0800,-0.2227,Volatile-Down
2020-12-30,3732.0400,0.1342,22.7700,0.1342,Volatile-Up
2020-12-31,3756.0700,0.6439,22.7500,0.6439,Volatile-Up
2021-01-04,3700.6500,-1.4755,26.9700,-1.4755,Volatile-Down
2021-01-05,3726.8600,0.7083,25.3400,0.7083,Volatile-Up
2021-01-06,3748.1400,0.5710,25.0700,0.5710,Volatile-Up
2021-01-07,3803.7900,1.4847,22.3700,1.4847,Volatile-Up
2021-01-08,3824.6800,0.5492,21.5600,0.5492,Volatile-Up
2021-01-11,3799.6100,-0.6555,24.0800,-0.6555,Volatile-Down
2021-01-12,3801.1900,0.0416,23.3300,0.0416,Volatile-Up
2021-01-13,3809.8400,0.2276,22.2100,0.2276,Volatile-Up
2021-01-14,3795.5400,-0.3753,23.2500,-0.3753,Volatile-Down
2021-01-15,3768.2500,-0.7190,24.3400,-0.7190,Volatile-Down
2021-01-19,3798.9100,0.8136,23.2400,0.8136,Volatile-Up
2021-01-20,3851.8500,1.3936,21.5800,1.3936,Volatile-Up
2021-01-21,3853.0700,0.0317,21.3200,0.0317,Volatile-Up
2021-01-22,3841.4700,-0.3011,21.9100,-0.3011,Volatile-Down
2021-01-25,3855.3600,0.3616,23.1900,0.3616,Volatile-Up
2021-01-26,3849.6200,-0.1489,23.0200,-0.1489,Volatile-Down
2021-01-27,3750.7700,-2.5678,37.2100,-2.5678,Volatile-Down
2021-01-28,3787.3800,0.9761,30.2100,0.9761,Volatile-Up
2021-01-29,3714.2400,-1.9312,33.0900,-1.9312,Volatile-Down
2021-02-01,3773.8600,1.6052,30.2400,1.6052,Volatile-Up
2021-02-02,3826.3100,1.3898,25.5600,1.3898,Volatile-Up
2021-02-03,3830.1700,0.1009,22.9100,0.1009,Volatile-Up
2021-02-04,3871.7400,1.0853,21.7700,1.0853,Volatile-Up
2021-02-05,3886.8300,0.3897,20.8700,0.3897,Volatile-Up
2021-02-08,3915.5900,0.7399,21.2400,0.7399,Volatile-Up
2021-02-09,3911.2300,-0.1113,21.6300,-0.1113,Volatile-Down
2021-02-10,3909.8800,-0.0345,21.9900,-0.0345,Volatile-Down
2021-02-11,3916.3800,0.1662,21.2500,0.1662,Volatile-Up
2021-02-12,3934.8300,0.4711,19.9700,0.4711,Volatile-Up
2021-02-16,3932.5900,-0.0569,21.4600,-0.0569,Volatile-Down
2021-02-17,3931.3300,-0.0320,21.5000,-0.0320,Volatile-Down
2021-02-18,3913.9700,-0.4416,22.4900,-0.4416,Volatile-Down
2021-02-19,3906.7100,-0.1855,22.0500,-0.1855,Volatile-Down
2021-02-22,3876.5000,-0.7733,23.4500,-0.7733,Volatile-Down
2021-02-23,3881.3700,0.1256,23.1100,0.1256,Volatile-Up
2021-02-24,3925.4300,1.1352,21.3400,1.1352,Volatile-Up
2021-02-25,3829.3400,-2.4479,28.8900,-2.4479,Volatile-Down
2021-02-26,3811.1500,-0.4750,27.9500,-0.4750,Volatile-Down
2021-03-01,3901.8200,2.3791,23.3500,2.3791,Volatile-Up
2021-03-02,3870.2900,-0.8081,24.1000,-0.8081,Volatile-Down
2021-03-03,3819.7200,-1.3066,26.6700,-1.3066,Volatile-Down
2021-03-04,3768.4700,-1.3417,28.5700,-1.3417,Volatile-Down
2021-03-05,3841.9400,1.9496,24.6600,1.9496,Volatile-Up
2021-03-08,3821.3500,-0.5359,25.4700,-0.5359,Volatile-Down
2021-03-09,3875.4400,1.4155,24.0300,1.4155,Volatile-Up
2021-03-10,3898.8100,0.6030,22.5600,0.6030,Volatile-Up
2021-03-11,3939.3400,1.0395,21.9100,1.0395,Volatile-Up
2021-03-12,3943.3400,0.1015,20.6900,0.1015,Volatile-Up
2021-03-15,3968.9400,0.6492,20.0300,0.6492,Volatile-Up
2021-03-16,3962.7100,-0.1570,19.7900,-0.1570,Volatile-Down
2021-03-17,3974.1200,0.2879,19.2300,0.2879,Volatile-Up
2021-03-18,3915.4600,-1.4761,21.5800,-1.4761,Volatile-Down
2021-03-19,3913.1000,-0.0603,20.9500,-0.0603,Volatile-Down
2021-03-22,3940.5900,0.7025,18.8800,0.7025,Volatile-Up
2021-03-23,3910.5200,-0.7631,20.3000,-0.7631,Volatile-Down
2021-03-24,3889.1400,-0.5467,21.2000,-0.5467,Volatile-Down
2021-03-25,3909.5200,0.5240,19.8100,0.5240,Volatile-Up
2021-03-26,3974.5400,1.6631,18.8600,1.6631,Volatile-Up
2021-03-29,3971.0900,-0.0868,20.7400,-0.0868,Volatile-Down
2021-03-30,3958.5500,-0.3158,19.6100,-0.3158,Volatile-Down
2021-03-31,3972.8900,0.3623,19.4000,0.3623,Volatile-Up
2021-04-01,4019.8700,1.1825,17.3300,1.1825,Volatile-Up
2021-04-05,4077.9100,1.4438,17.9100,1.4438,Volatile-Up
2021-04-06,4073.9400,-0.0974,18.1200,-0.0974,Volatile-Down
2021-04-07,4079.9500,0.1475,17.1600,0.1475,Volatile-Up
2021-04-08,4097.1700,0.4221,16.9500,0.4221,Calm-Up
2021-04-09,4128.8000,0.7720,16.6900,0.7720,Calm-Up
2021-04-12,4127.9900,-0.0196,16.9100,-0.0196,Calm-Down
2021-04-13,4141.5900,0.3295,16.6500,0.3295,Calm-Up
2021-04-14,4124.6600,-0.4088,16.9900,-0.4088,Calm-Down
2021-04-15,4170.4200,1.1094,16.5700,1.1094,Calm-Up
2021-04-16,4185.4700,0.3609,16.2500,0.3609,Calm-Up
2021-04-19,4163.2600,-0.5306,17.2900,-0.5306,Volatile-Down
2021-04-20,4134.9400,-0.6802,18.6800,-0.6802,Volatile-Down
2021-04-21,4173.4200,0.9306,17.5000,0.9306,Volatile-Up
2021-04-22,4134.9800,-0.9211,18.7100,-0.9211,Volatile-Down
2021-04-23,4180.1700,1.0929,17.3300,1.0929,Volatile-Up
2021-04-26,4187.6200,0.1782,17.6400,0.1782,Volatile-Up
2021-04-27,4186.7200,-0.0215,17.5600,-0.0215,Volatile-Down
2021-04-28,4183.1800,-0.0846,17.2800,-0.0846,Volatile-Down
2021-04-29,4211.4700,0.6763,17.6100,0.6763,Volatile-Up
2021-04-30,4181.1700,-0.7195,18.6100,-0.7195,Volatile-Down
2021-05-03,4192.6600,0.2748,18.3100,0.2748,Volatile-Up
2021-05-04,4164.6600,-0.6678,19.4800,-0.6678,Volatile-Down
2021-05-05,4167.5900,0.0704,19.1500,0.0704,Volatile-Up
2021-05-06,4201.6200,0.8165,18.3900,0.8165,Volatile-Up
2021-05-07,4232.6000,0.7373,16.6900,0.7373,Calm-Up
2021-05-10,4188.4300,-1.0436,19.6600,-1.0436,Volatile-Down
2021-05-11,4152.1000,-0.8674,21.8400,-0.8674,Volatile-Down
2021-05-12,4063.0400,-2.1449,27.5900,-2.1449,Volatile-Down
2021-05-13,4112.5000,1.2173,23.1300,1.2173,Volatile-Up
2021-05-14,4173.8500,1.4918,18.8100,1.4918,Volatile-Up
2021-05-17,4163.2900,-0.2530,19.7200,-0.2530,Volatile-Down
2021-05-18,4127.8300,-0.8517,21.3400,-0.8517,Volatile-Down
2021-05-19,4115.6800,-0.2943,22.1800,-0.2943,Volatile-Down
2021-05-20,4159.1200,1.0555,20.6700,1.0555,Volatile-Up
2021-05-21,4155.8600,-0.0784,20.1500,-0.0784,Volatile-Down
2021-05-24,4197.0500,0.9911,18.4000,0.9911,Volatile-Up
2021-05-25,4188.1300,-0.2125,18.8400,-0.2125,Volatile-Down
2021-05-26,4195.9900,0.1877,17.3600,0.1877,Volatile-Up
2021-05-27,4200.8800,0.1165,16.7400,0.1165,Calm-Up
2021-05-28,4204.1100,0.0769,16.7600,0.0769,Calm-Up
2021-06-01,4202.0400,-0.0492,17.9000,-0.0492,Volatile-Down
2021-06-02,4208.1200,0.1447,17.4800,0.1447,Volatile-Up
2021-06-03,4192.8500,-0.3629,18.0400,-0.3629,Volatile-Down
2021-06-04,4229.8900,0.8834,16.4200,0.8834,Calm-Up
2021-06-07,4226.5200,-0.0797,16.4200,-0.0797,Calm-Down
2021-06-08,4227.2600,0.0175,17.0700,0.0175,Volatile-Up
2021-06-09,4219.5500,-0.1824,17.8900,-0.1824,Volatile-Down
2021-06-10,4239.1800,0.4652,16.1000,0.4652,Calm-Up
2021-06-11,4247.4400,0.1948,15.6500,0.1948,Calm-Up
2021-06-14,4255.1500,0.1815,16.3900,0.1815,Calm-Up
2021-06-15,4246.5900,-0.2012,17.0200,-0.2012,Volatile-Down
2021-06-16,4223.7000,-0.5390,18.1500,-0.5390,Volatile-Down
2021-06-17,4221.8600,-0.0436,17.7500,-0.0436,Volatile-Down
2021-06-18,4166.4500,-1.3125,20.7000,-1.3125,Volatile-Down
2021-06-21,4224.7900,1.4002,17.8900,1.4002,Volatile-Up
2021-06-22,4246.4400,0.5125,16.6600,0.5125,Calm-Up
2021-06-23,4241.8400,-0.1083,16.3200,-0.1083,Calm-Down
2021-06-24,4266.4900,0.5811,15.9700,0.5811,Calm-Up
2021-06-25,4280.7000,0.3331,15.6200,0.3331,Calm-Up
2021-06-28,4290.6100,0.2315,15.7600,0.2315,Calm-Up
2021-06-29,4291.8000,0.0277,16.0200,0.0277,Calm-Up
2021-06-30,4297.5000,0.1328,15.8300,0.1328,Calm-Up
2021-07-01,4319.9400,0.5222,15.4800,0.5222,Calm-Up
2021-07-02,4352.3400,0.7500,15.0700,0.7500,Calm-Up
2021-07-06,4343.5400,-0.2022,16.4400,-0.2022,Calm-Down
2021-07-07,4358.1300,0.3359,16.2000,0.3359,Calm-Up
2021-07-08,4320.8200,-0.8561,19.0000,-0.8561,Volatile-Down
2021-07-09,4369.5500,1.1278,16.1800,1.1278,Calm-Up
2021-07-12,4384.6300,0.3451,16.1700,0.3451,Calm-Up
2021-07-13,4369.2100,-0.3517,17.1200,-0.3517,Volatile-Down
2021-07-14,4374.3000,0.1165,16.3300,0.1165,Calm-Up
2021-07-15,4360.0300,-0.3262,17.0100,-0.3262,Volatile-Down
2021-07-16,4327.1600,-0.7539,18.4500,-0.7539,Volatile-Down
2021-07-19,4258.4900,-1.5870,22.5000,-1.5870,Volatile-Down
2021-07-20,4323.0600,1.5163,19.7300,1.5163,Volatile-Up
2021-07-21,4358.6900,0.8242,17.9100,0.8242,Volatile-Up
2021-07-22,4367.4800,0.2017,17.6900,0.2017,Volatile-Up
2021-07-23,4411.7900,1.0145,17.2000,1.0145,Volatile-Up
2021-07-26,4422.3000,0.2382,17.5800,0.2382,Volatile-Up
2021-07-27,4401.4600,-0.4712,19.3600,-0.4712,Volatile-Down
2021-07-28,4400.6400,-0.0186,18.3100,-0.0186,Volatile-Down
2021-07-29,4419.1500,0.4206,17.7000,0.4206,Volatile-Up
2021-07-30,4395.2600,-0.5406,18.2400,-0.5406,Volatile-Down
2021-08-02,4387.1600,-0.1843,19.4600,-0.1843,Volatile-Down
2021-08-03,4423.1500,0.8203,18.0400,0.8203,Volatile-Up
2021-08-04,4402.6600,-0.4632,17.9700,-0.4632,Volatile-Down
2021-08-05,4429.1000,0.6005,17.2800,0.6005,Volatile-Up
2021-08-06,4436.5200,0.1675,16.1500,0.1675,Calm-Up
2021-08-09,4432.3500,-0.0940,16.7200,-0.0940,Calm-Down
2021-08-10,4436.7500,0.0993,16.7900,0.0993,Calm-Up
2021-08-11,4447.7000,0.2468,16.0600,0.2468,Calm-Up
2021-08-12,4460.8300,0.2952,15.5900,0.2952,Calm-Up
2021-08-13,4468.0000,0.1607,15.4500,0.1607,Calm-Up
2021-08-16,4479.7100,0.2621,16.1200,0.2621,Calm-Up
2021-08-17,4448.0800,-0.7061,17.9100,-0.7061,Volatile-Down
2021-08-18,4400.2700,-1.0748,21.5700,-1.0748,Volatile-Down
2021-08-19,4405.8000,0.1257,21.6700,0.1257,Volatile-Up
2021-08-20,4441.6700,0.8142,18.5600,0.8142,Volatile-Up
2021-08-23,4479.5300,0.8524,17.1500,0.8524,Volatile-Up
2021-08-24,4486.2300,0.1496,17.2200,0.1496,Volatile-Up
2021-08-25,4496.1900,0.2220,16.7900,0.2220,Calm-Up
2021-08-26,4470.0000,-0.5825,18.8400,-0.5825,Volatile-Down
2021-08-27,4509.3700,0.8808,16.3900,0.8808,Calm-Up
2021-08-30,4528.7900,0.4307,16.1900,0.4307,Calm-Up
2021-08-31,4522.6800,-0.1349,16.4800,-0.1349,Calm-Down
2021-09-01,4524.0900,0.0312,16.1100,0.0312,Calm-Up
2021-09-02,4536.9500,0.2843,16.4100,0.2843,Calm-Up
2021-09-03,4535.4300,-0.0335,16.4100,-0.0335,Calm-Down
2021-09-07,4520.0300,-0.3395,18.1400,-0.3395,Volatile-Down
2021-09-08,4514.0700,-0.1319,17.9600,-0.1319,Volatile-Down
2021-09-09,4493.2800,-0.4606,18.8000,-0.4606,Volatile-Down
2021-09-10,4458.5800,-0.7723,20.9500,-0.7723,Volatile-Down
2021-09-13,4468.7300,0.2277,19.3700,0.2277,Volatile-Up
2021-09-14,4443.0500,-0.5747,19.4600,-0.5747,Volatile-Down
2021-09-15,4480.7000,0.8474,18.1800,0.8474,Volatile-Up
2021-09-16,4473.7500,-0.1551,18.6900,-0.1551,Volatile-Down
2021-09-17,4432.9900,-0.9111,20.8100,-0.9111,Volatile-Down
2021-09-20,4357.7300,-1.6977,25.7100,-1.6977,Volatile-Down
2021-09-21,4354.1900,-0.0812,24.3600,-0.0812,Volatile-Down
2021-09-22,4395.6400,0.9520,20.8700,0.9520,Volatile-Up
2021-09-23,4448.9800,1.2135,18.6300,1.2135,Volatile-Up
2021-09-24,4455.4800,0.1461,17.7500,0.1461,Volatile-Up
2021-09-27,4443.1100,-0.2776,18.7600,-0.2776,Volatile-Down
2021-09-28,4352.6300,-2.0364,23.2500,-2.0364,Volatile-Down
2021-09-29,4359.4600,0.1569,22.5600,0.1569,Volatile-Up
2021-09-30,4307.5400,-1.1910,23.1400,-1.1910,Volatile-Down
2021-10-01,4357.0400,1.1491,21.1500,1.1491,Volatile-Up
2021-10-04,4300.4600,-1.2986,22.9600,-1.2986,Volatile-Down
2021-10-05,4345.7200,1.0524,21.3000,1.0524,Volatile-Up
2021-10-06,4363.5500,0.4103,21.0000,0.4103,Volatile-Up
2021-10-07,4399.7600,0.8298,19.5400,0.8298,Volatile-Up
2021-10-08,4391.3400,-0.1914,18.7700,-0.1914,Volatile-Down
2021-10-11,4361.1900,-0.6866,20.0000,-0.6866,Volatile-Down
2021-10-12,4350.6500,-0.2417,19.8500,-0.2417,Volatile-Down
2021-10-13,4363.8000,0.3023,18.6400,0.3023,Volatile-Up
2021-10-14,4438.2600,1.7063,16.8600,1.7063,Calm-Up
2021-10-15,4471.3700,0.7460,16.3000,0.7460,Calm-Up
2021-10-18,4486.4600,0.3375,16.3100,0.3375,Calm-Up
2021-10-19,4519.6300,0.7393,15.7000,0.7393,Calm-Up
2021-10-20,4536.1900,0.3664,15.4900,0.3664,Calm-Up
2021-10-21,4549.7800,0.2996,15.0100,0.2996,Calm-Up
2021-10-22,4544.9000,-0.1073,15.4300,-0.1073,Calm-Down
2021-10-25,4566.4800,0.4748,15.2400,0.4748,Calm-Up
2021-10-26,4574.7900,0.1820,15.9800,0.1820,Calm-Up
2021-10-27,4551.6800,-0.5052,16.9800,-0.5052,Calm-Down
2021-10-28,4596.4200,0.9829,16.5300,0.9829,Calm-Up
2021-10-29,4605.3800,0.1949,16.2600,0.1949,Calm-Up
2021-11-01,4613.6700,0.1800,16.4100,0.1800,Calm-Up
2021-11-02,4630.6500,0.3680,16.0300,0.3680,Calm-Up
2021-11-03,4660.5700,0.6461,15.1000,0.6461,Calm-Up
2021-11-04,4680.0600,0.4182,15.4400,0.4182,Calm-Up
2021-11-05,4697.5300,0.3733,16.4800,0.3733,Calm-Up
2021-11-08,4701.7000,0.0888,17.2200,0.0888,Volatile-Up
2021-11-09,4685.2500,-0.3499,17.7800,-0.3499,Volatile-Down
2021-11-10,4646.7100,-0.8226,18.7300,-0.8226,Volatile-Down
2021-11-11,4649.2700,0.0551,17.6600,0.0551,Volatile-Up
2021-11-12,4682.8500,0.7223,16.2900,0.7223,Calm-Up
2021-11-15,4682.8000,-0.0011,16.4900,-0.0011,Calm-Down
2021-11-16,4700.9000,0.3865,16.3700,0.3865,Calm-Up
2021-11-17,4688.6700,-0.2602,17.1100,-0.2602,Volatile-Down
2021-11-18,4704.5400,0.3385,17.5900,0.3385,Volatile-Up
2021-11-19,4697.9600,-0.1399,17.9100,-0.1399,Volatile-Down
2021-11-22,4682.9400,-0.3197,19.1700,-0.3197,Volatile-Down
2021-11-23,4690.7000,0.1657,19.3800,0.1657,Volatile-Up
2021-11-24,4701.4600,0.2294,18.5800,0.2294,Volatile-Up
2021-11-26,4594.6200,-2.2725,28.6200,-2.2725,Volatile-Down
2021-11-29,4655.2700,1.3200,22.9600,1.3200,Volatile-Up
2021-11-30,4567.0000,-1.8961,27.1900,-1.8961,Volatile-Down
2021-12-01,4513.0400,-1.1815,31.1200,-1.1815,Volatile-Down
2021-12-02,4577.1000,1.4194,27.9500,1.4194,Volatile-Up
2021-12-03,4538.4300,-0.8449,30.6700,-0.8449,Volatile-Down
2021-12-06,4591.6700,1.1731,27.1800,1.1731,Volatile-Up
2021-12-07,4686.7500,2.0707,21.8900,2.0707,Volatile-Up
2021-12-08,4701.2100,0.3085,19.9000,0.3085,Volatile-Up
2021-12-09,4667.4500,-0.7181,21.5800,-0.7181,Volatile-Down
2021-12-10,4712.0200,0.9549,18.6900,0.9549,Volatile-Up
2021-12-13,4668.9700,-0.9136,20.3100,-0.9136,Volatile-Down
2021-12-14,4634.0900,-0.7471,21.8900,-0.7471,Volatile-Down
2021-12-15,4709.8500,1.6348,19.2900,1.6348,Volatile-Up
2021-12-16,4668.6700,-0.8743,20.5700,-0.8743,Volatile-Down
2021-12-17,4620.6400,-1.0288,21.5700,-1.0288,Volatile-Down
2021-12-20,4568.0200,-1.1388,22.8700,-1.1388,Volatile-Down
2021-12-21,4649.2300,1.7778,21.0100,1.7778,Volatile-Up
2021-12-22,4696.5600,1.0180,18.6300,1.0180,Volatile-Up
2021-12-23,4725.7900,0.6224,17.9600,0.6224,Volatile-Up
2021-12-27,4791.1900,1.3839,17.6800,1.3839,Volatile-Up
2021-12-28,4786.3500,-0.1010,17.5400,-0.1010,Volatile-Down
2021-12-29,4793.0600,0.1402,16.9500,0.1402,Calm-Up
2021-12-30,4778.7300,-0.2990,17.3300,-0.2990,Volatile-Down
2021-12-31,4766.1800,-0.2626,17.2200,-0.2626,Volatile-Down
2022-01-03,4796.5600,0.6374,16.6000,0.6374,Calm-Up
2022-01-04,4793.5400,-0.0630,16.9100,-0.0630,Calm-Down
2022-01-05,4700.5800,-1.9393,19.7300,-1.9393,Volatile-Down
2022-01-06,4696.0500,-0.0964,19.6100,-0.0964,Volatile-Down
2022-01-07,4677.0300,-0.4050,18.7600,-0.4050,Volatile-Down
2022-01-10,4670.2900,-0.1441,19.4000,-0.1441,Volatile-Down
2022-01-11,4713.0700,0.9160,18.4100,0.9160,Volatile-Up
2022-01-12,4726.3500,0.2818,17.6200,0.2818,Volatile-Up
2022-01-13,4659.0300,-1.4244,20.3100,-1.4244,Volatile-Down
2022-01-14,4662.8500,0.0820,19.1900,0.0820,Volatile-Up
2022-01-18,4577.1100,-1.8388,22.7900,-1.8388,Volatile-Down
2022-01-19,4532.7600,-0.9690,23.8500,-0.9690,Volatile-Down
2022-01-20,4482.7300,-1.1037,25.5900,-1.1037,Volatile-Down
2022-01-21,4397.9400,-1.8915,28.8500,-1.8915,Volatile-Down
2022-01-24,4410.1300,0.2772,29.9000,0.2772,Volatile-Up
2022-01-25,4356.4500,-1.2172,31.1600,-1.2172,Volatile-Down
2022-01-26,4349.9300,-0.1497,31.9600,-0.1497,Volatile-Down
2022-01-27,4326.5100,-0.5384,30.4900,-0.5384,Volatile-Down
2022-01-28,4431.8500,2.4348,27.6600,2.4348,Volatile-Up
2022-01-31,4515.5500,1.8886,24.8300,1.8886,Volatile-Up
2022-02-01,4546.5400,0.6863,21.9600,0.6863,Volatile-Up
2022-02-02,4589.3800,0.9423,22.0900,0.9423,Volatile-Up
2022-02-03,4477.4400,-2.4391,24.3500,-2.4391,Volatile-Down
2022-02-04,4500.5300,0.5157,23.2200,0.5157,Volatile-Up
2022-02-07,4483.8700,-0.3702,22.8600,-0.3702,Volatile-Down
2022-02-08,4521.5400,0.8401,21.4400,0.8401,Volatile-Up
2022-02-09,4587.1800,1.4517,19.9600,1.4517,Volatile-Up
2022-02-10,4504.0800,-1.8116,23.9100,-1.8116,Volatile-Down
2022-02-11,4418.6400,-1.8969,27.3600,-1.8969,Volatile-Down
2022-02-14,4401.6700,-0.3841,28.3300,-0.3841,Volatile-Down
2022-02-15,4471.0700,1.5767,25.7000,1.5767,Volatile-Up
2022-02-16,4475.0100,0.0881,24.2900,0.0881,Volatile-Up
2022-02-17,4380.2600,-2.1173,28.1100,-2.1173,Volatile-Down
2022-02-18,4348.8700,-0.7166,27.7500,-0.7166,Volatile-Down
2022-02-22,4304.7600,-1.0143,28.8100,-1.0143,Volatile-Down
2022-02-23,4225.5000,-1.8412,31.0200,-1.8412,Volatile-Down
2022-02-24,4288.7000,1.4957,30.3200,1.4957,Volatile-Up
2022-02-25,4384.6500,2.2373,27.5900,2.2373,Volatile-Up
2022-02-28,4373.9400,-0.2443,30.1500,-0.2443,Volatile-Down
2022-03-01,4306.2600,-1.5473,33.3200,-1.5473,Volatile-Down
2022-03-02,4386.5400,1.8643,30.7400,1.8643,Volatile-Up
2022-03-03,4363.4900,-0.5255,30.4800,-0.5255,Volatile-Down
2022-03-04,4328.8700,-0.7934,31.9800,-0.7934,Volatile-Down
2022-03-07,4201.0900,-2.9518,36.4500,-2.9518,Volatile-Down
2022-03-08,4170.7000,-0.7234,35.1300,-0.7234,Volatile-Down
2022-03-09,4277.8800,2.5698,32.4500,2.5698,Volatile-Up
2022-03-10,4259.5200,-0.4292,30.2300,-0.4292,Volatile-Down
2022-03-11,4204.3100,-1.2962,30.7500,-1.2962,Volatile-Down
2022-03-14,4173.1100,-0.7421,31.7700,-0.7421,Volatile-Down
2022-03-15,4262.4500,2.1408,29.8300,2.1408,Volatile-Up
2022-03-16,4357.8600,2.2384,26.6700,2.2384,Volatile-Up
2022-03-17,4411.6700,1.2348,25.6700,1.2348,Volatile-Up
2022-03-18,4463.1200,1.1662,23.8700,1.1662,Volatile-Up
2022-03-21,4461.1800,-0.0435,23.5300,-0.0435,Volatile-Down
2022-03-22,4511.6100,1.1304,22.9400,1.1304,Volatile-Up
2022-03-23,4456.2400,-1.2273,23.5700,-1.2273,Volatile-Down
2022-03-24,4520.1600,1.4344,21.6700,1.4344,Volatile-Up
2022-03-25,4543.0600,0.5066,20.8100,0.5066,Volatile-Up
2022-03-28,4575.5200,0.7145,19.6300,0.7145,Volatile-Up
2022-03-29,4631.6000,1.2257,18.9000,1.2257,Volatile-Up
2022-03-30,4602.4500,-0.6294,19.3300,-0.6294,Volatile-Down
2022-03-31,4530.4100,-1.5653,20.5600,-1.5653,Volatile-Down
2022-04-01,4545.8600,0.3410,19.6300,0.3410,Volatile-Up
2022-04-04,4582.6400,0.8091,18.5700,0.8091,Volatile-Up
2022-04-05,4525.1200,-1.2552,21.0300,-1.2552,Volatile-Down
2022-04-06,4481.1500,-0.9717,22.1000,-0.9717,Volatile-Down
2022-04-07,4500.2100,0.4253,21.5500,0.4253,Volatile-Up
2022-04-08,4488.2800,-0.2651,21.1600,-0.2651,Volatile-Down
2022-04-11,4412.5300,-1.6877,24.3700,-1.6877,Volatile-Down
2022-04-12,4397.4500,-0.3418,24.2600,-0.3418,Volatile-Down
2022-04-13,4446.5900,1.1175,21.8200,1.1175,Volatile-Up
2022-04-14,4392.5900,-1.2144,22.7000,-1.2144,Volatile-Down
2022-04-18,4391.6900,-0.0205,22.1700,-0.0205,Volatile-Down
2022-04-19,4462.2100,1.6058,21.3700,1.6058,Volatile-Up
2022-04-20,4459.4500,-0.0619,20.3200,-0.0619,Volatile-Down
2022-04-21,4393.6600,-1.4753,22.6800,-1.4753,Volatile-Down
2022-04-22,4271.7800,-2.7740,28.2100,-2.7740,Volatile-Down
2022-04-25,4296.1200,0.5698,27.0200,0.5698,Volatile-Up
2022-04-26,4175.2000,-2.8146,33.5200,-2.8146,Volatile-Down
2022-04-27,4183.9600,0.2098,31.6000,0.2098,Volatile-Up
2022-04-28,4287.5000,2.4747,29.9900,2.4747,Volatile-Up
2022-04-29,4131.9300,-3.6285,33.4000,-3.6285,Volatile-Down
2022-05-02,4155.3800,0.5675,32.3400,0.5675,Volatile-Up
2022-05-03,4175.4800,0.4837,29.2500,0.4837,Volatile-Up
2022-05-04,4300.1700,2.9862,25.4200,2.9862,Volatile-Up
2022-05-05,4146.8700,-3.5650,31.2000,-3.5650,Volatile-Down
2022-05-06,4123.3400,-0.5674,30.1900,-0.5674,Volatile-Down
2022-05-09,3991.2400,-3.2037,34.7500,-3.2037,Volatile-Down
2022-05-10,4001.0500,0.2458,32.9900,0.2458,Volatile-Up
2022-05-11,3935.1800,-1.6463,32.5600,-1.6463,Volatile-Down
2022-05-12,3930.0800,-0.1296,31.7700,-0.1296,Volatile-Down
2022-05-13,4023.8900,2.3870,28.8700,2.3870,Volatile-Up
2022-05-16,4008.0100,-0.3946,27.4700,-0.3946,Volatile-Down
2022-05-17,4088.8500,2.0170,26.1000,2.0170,Volatile-Up
2022-05-18,3923.6800,-4.0395,30.9600,-4.0395,Volatile-Down
2022-05-19,3900.7900,-0.5834,29.3500,-0.5834,Volatile-Down
2022-05-20,3901.3600,0.0146,29.4300,0.0146,Volatile-Up
2022-05-23,3973.7500,1.8555,28.4800,1.8555,Volatile-Up
2022-05-24,3941.4800,-0.8121,29.4500,-0.8121,Volatile-Down
2022-05-25,3978.7300,0.9451,28.3700,0.9451,Volatile-Up
2022-05-26,4057.8400,1.9883,27.5000,1.9883,Volatile-Up
2022-05-27,4158.2400,2.4742,25.7200,2.4742,Volatile-Up
2022-05-31,4132.1500,-0.6274,26.1900,-0.6274,Volatile-Down
2022-06-01,4101.2300,-0.7483,25.6900,-0.7483,Volatile-Down
2022-06-02,4176.8200,1.8431,24.7200,1.8431,Volatile-Up
2022-06-03,4108.5400,-1.6347,24.7900,-1.6347,Volatile-Down
2022-06-06,4121.4300,0.3137,25.0700,0.3137,Volatile-Up
2022-06-07,4160.6800,0.9523,24.0200,0.9523,Volatile-Up
2022-06-08,4115.7700,-1.0794,23.9600,-1.0794,Volatile-Down
2022-06-09,4017.8200,-2.3799,26.0900,-2.3799,Volatile-Down
2022-06-10,3900.8600,-2.9110,27.7500,-2.9110,Volatile-Down
2022-06-13,3749.6300,-3.8768,34.0200,-3.8768,Volatile-Down
2022-06-14,3735.4800,-0.3774,32.6900,-0.3774,Volatile-Down
2022-06-15,3789.9900,1.4593,29.6200,1.4593,Volatile-Up
2022-06-16,3666.7700,-3.2512,32.9500,-3.2512,Volatile-Down
2022-06-17,3674.8400,0.2201,31.1300,0.2201,Volatile-Up
2022-06-21,3764.7900,2.4477,30.1900,2.4477,Volatile-Up
2022-06-22,3759.8900,-0.1302,28.9500,-0.1302,Volatile-Down
2022-06-23,3795.7300,0.9532,29.0500,0.9532,Volatile-Up
2022-06-24,3911.7400,3.0563,27.2300,3.0563,Volatile-Up
2022-06-27,3900.1100,-0.2973,26.9500,-0.2973,Volatile-Down
2022-06-28,3821.5500,-2.0143,28.3600,-2.0143,Volatile-Down
2022-06-29,3818.8300,-0.0712,28.1600,-0.0712,Volatile-Down
2022-06-30,3785.3800,-0.8759,28.7100,-0.8759,Volatile-Down
2022-07-01,3825.3300,1.0554,26.7000,1.0554,Volatile-Up
2022-07-05,3831.3900,0.1584,27.5400,0.1584,Volatile-Up
2022-07-06,3845.0800,0.3573,26.7300,0.3573,Volatile-Up
2022-07-07,3902.6200,1.4965,26.0800,1.4965,Volatile-Up
2022-07-08,3899.3800,-0.0830,24.6400,-0.0830,Volatile-Down
2022-07-11,3854.4300,-1.1527,26.1700,-1.1527,Volatile-Down
2022-07-12,3818.8000,-0.9244,27.2900,-0.9244,Volatile-Down
2022-07-13,3801.7800,-0.4457,26.8200,-0.4457,Volatile-Down
2022-07-14,3790.3800,-0.2999,26.4000,-0.2999,Volatile-Down
2022-07-15,3863.1600,1.9201,24.2300,1.9201,Volatile-Up
2022-07-18,3830.8500,-0.8364,25.3000,-0.8364,Volatile-Down
2022-07-19,3936.6900,2.7628,24.5000,2.7628,Volatile-Up
2022-07-20,3959.9000,0.5896,23.8800,0.5896,Volatile-Up
2022-07-21,3998.9500,0.9861,23.1100,0.9861,Volatile-Up
2022-07-22,3961.6300,-0.9332,23.0300,-0.9332,Volatile-Down
2022-07-25,3966.8400,0.1315,23.3600,0.1315,Volatile-Up
2022-07-26,3921.0500,-1.1543,24.6900,-1.1543,Volatile-Down
2022-07-27,4023.6100,2.6156,23.2400,2.6156,Volatile-Up
2022-07-28,4072.4300,1.2133,22.3300,1.2133,Volatile-Up
2022-07-29,4130.2900,1.4208,21.3300,1.4208,Volatile-Up
2022-08-01,4118.6300,-0.2823,22.8400,-0.2823,Volatile-Down
2022-08-02,4091.1900,-0.6662,23.9300,-0.6662,Volatile-Down
2022-08-03,4155.1700,1.5638,21.9500,1.5638,Volatile-Up
2022-08-04,4151.9400,-0.0777,21.4400,-0.0777,Volatile-Down
2022-08-05,4145.1900,-0.1626,21.1500,-0.1626,Volatile-Down
2022-08-08,4140.0600,-0.1238,21.2900,-0.1238,Volatile-Down
2022-08-09,4122.4700,-0.4249,21.7700,-0.4249,Volatile-Down
2022-08-10,4210.2400,2.1291,19.7400,2.1291,Volatile-Up
2022-08-11,4207.2700,-0.0705,20.2000,-0.0705,Volatile-Down
2022-08-12,4280.1500,1.7322,19.5300,1.7322,Volatile-Up
2022-08-15,4297.1400,0.3969,19.9500,0.3969,Volatile-Up
2022-08-16,4305.2000,0.1876,19.6900,0.1876,Volatile-Up
2022-08-17,4274.0400,-0.7238,19.9000,-0.7238,Volatile-Down
2022-08-18,4283.7400,0.2270,19.5600,0.2270,Volatile-Up
2022-08-19,4228.4800,-1.2900,20.6000,-1.2900,Volatile-Down
2022-08-22,4137.9900,-2.1400,23.8000,-2.1400,Volatile-Down
2022-08-23,4128.7300,-0.2238,24.1100,-0.2238,Volatile-Down
2022-08-24,4140.7700,0.2916,22.8200,0.2916,Volatile-Up
2022-08-25,4199.1200,1.4092,21.7800,1.4092,Volatile-Up
2022-08-26,4057.6600,-3.3688,25.5600,-3.3688,Volatile-Down
2022-08-29,4030.6100,-0.6666,26.2100,-0.6666,Volatile-Down
2022-08-30,3986.1600,-1.1028,26.2100,-1.1028,Volatile-Down
2022-08-31,3955.0000,-0.7817,25.8700,-0.7817,Volatile-Down
2022-09-01,3966.8500,0.2996,25.5600,0.2996,Volatile-Up
2022-09-02,3924.2600,-1.0736,25.4700,-1.0736,Volatile-Down
2022-09-06,3908.1900,-0.4095,26.9100,-0.4095,Volatile-Down
2022-09-07,3979.8700,1.8341,24.6400,1.8341,Volatile-Up
2022-09-08,4006.1800,0.6611,23.6100,0.6611,Volatile-Up
2022-09-09,4067.3600,1.5271,22.7900,1.5271,Volatile-Up
2022-09-12,4110.4100,1.0584,23.8700,1.0584,Volatile-Up
2022-09-13,3932.6900,-4.3237,27.2700,-4.3237,Volatile-Down
2022-09-14,3946.0100,0.3387,26.1600,0.3387,Volatile-Up
2022-09-15,3901.3500,-1.1318,26.2700,-1.1318,Volatile-Down
2022-09-16,3873.3300,-0.7182,26.3000,-0.7182,Volatile-Down
2022-09-19,3899.8900,0.6857,25.7600,0.6857,Volatile-Up
2022-09-20,3855.9300,-1.1272,27.1600,-1.1272,Volatile-Down
2022-09-21,3789.9300,-1.7116,27.9900,-1.7116,Volatile-Down
2022-09-22,3757.9900,-0.8428,27.3500,-0.8428,Volatile-Down
2022-09-23,3693.2300,-1.7233,29.9200,-1.7233,Volatile-Down
2022-09-26,3655.0400,-1.0341,32.2600,-1.0341,Volatile-Down
2022-09-27,3647.2900,-0.2120,32.6000,-0.2120,Volatile-Down
2022-09-28,3719.0400,1.9672,30.1800,1.9672,Volatile-Up
2022-09-29,3640.4700,-2.1126,31.8400,-2.1126,Volatile-Down
2022-09-30,3585.6200,-1.5067,31.6200,-1.5067,Volatile-Down
2022-10-03,3678.4300,2.5884,30.1000,2.5884,Volatile-Up
2022-10-04,3790.9300,3.0584,29.0700,3.0584,Volatile-Up
2022-10-05,3783.2800,-0.2018,28.5500,-0.2018,Volatile-Down
2022-10-06,3744.5200,-1.0245,30.5200,-1.0245,Volatile-Down
2022-10-07,3639.6600,-2.8004,31.3600,-2.8004,Volatile-Down
2022-10-10,3612.3900,-0.7492,32.4500,-0.7492,Volatile-Down
2022-10-11,3588.8400,-0.6519,33.6300,-0.6519,Volatile-Down
2022-10-12,3577.0300,-0.3291,33.5700,-0.3291,Volatile-Down
2022-10-13,3669.9100,2.5966,31.9400,2.5966,Volatile-Up
2022-10-14,3583.0700,-2.3663,32.0200,-2.3663,Volatile-Down
2022-10-17,3677.9500,2.6480,31.3700,2.6480,Volatile-Up
2022-10-18,3719.9800,1.1428,30.5000,1.1428,Volatile-Up
2022-10-19,3695.1600,-0.6672,30.7600,-0.6672,Volatile-Down
2022-10-20,3665.7800,-0.7951,29.9800,-0.7951,Volatile-Down
2022-10-21,3752.7500,2.3725,29.6900,2.3725,Volatile-Up
2022-10-24,3797.3400,1.1882,29.8500,1.1882,Volatile-Up
2022-10-25,3859.1100,1.6267,28.4600,1.6267,Volatile-Up
2022-10-26,3830.6000,-0.7388,27.2800,-0.7388,Volatile-Down
2022-10-27,3807.3000,-0.6083,27.3900,-0.6083,Volatile-Down
2022-10-28,3901.0600,2.4626,25.7500,2.4626,Volatile-Up
2022-10-31,3871.9800,-0.7454,25.8800,-0.7454,Volatile-Down
2022-11-01,3856.1000,-0.4101,25.8100,-0.4101,Volatile-Down
2022-11-02,3759.6900,-2.5002,25.8600,-2.5002,Volatile-Down
2022-11-03,3719.8900,-1.0586,25.3000,-1.0586,Volatile-Down
2022-11-04,3770.5500,1.3619,24.5500,1.3619,Volatile-Up
2022-11-07,3806.8000,0.9614,24.3500,0.9614,Volatile-Up
2022-11-08,3828.1100,0.5598,25.5400,0.5598,Volatile-Up
2022-11-09,3748.5700,-2.0778,26.0900,-2.0778,Volatile-Down
2022-11-10,3956.3700,5.5434,23.5300,5.5434,Volatile-Up
2022-11-11,3992.9300,0.9241,22.5200,0.9241,Volatile-Up
2022-11-14,3957.2500,-0.8936,23.7300,-0.8936,Volatile-Down
2022-11-15,3991.7300,0.8713,24.5400,0.8713,Volatile-Up
2022-11-16,3958.7900,-0.8252,24.1100,-0.8252,Volatile-Down
2022-11-17,3946.5600,-0.3089,23.9300,-0.3089,Volatile-Down
2022-11-18,3965.3400,0.4759,23.1200,0.4759,Volatile-Up
2022-11-21,3949.9400,-0.3884,22.3600,-0.3884,Volatile-Down
2022-11-22,4003.5800,1.3580,21.2900,1.3580,Volatile-Up
2022-11-23,4027.2600,0.5915,20.3500,0.5915,Volatile-Up
2022-11-25,4026.1200,-0.0283,20.5000,-0.0283,Volatile-Down
2022-11-28,3963.9400,-1.5444,22.2100,-1.5444,Volatile-Down
2022-11-29,3957.6300,-0.1592,21.8900,-0.1592,Volatile-Down
2022-11-30,4080.1100,3.0948,20.5800,3.0948,Volatile-Up
2022-12-01,4076.5700,-0.0868,19.8400,-0.0868,Volatile-Down
2022-12-02,4071.7000,-0.1195,19.0600,-0.1195,Volatile-Down
2022-12-05,3998.8400,-1.7894,20.7500,-1.7894,Volatile-Down
2022-12-06,3941.2600,-1.4399,22.1700,-1.4399,Volatile-Down
2022-12-07,3933.9200,-0.1862,22.6800,-0.1862,Volatile-Down
2022-12-08,3963.5100,0.7522,22.2900,0.7522,Volatile-Up
2022-12-09,3934.3800,-0.7350,22.8300,-0.7350,Volatile-Down
2022-12-12,3990.5600,1.4279,25.0000,1.4279,Volatile-Up
2022-12-13,4019.6500,0.7290,22.5500,0.7290,Volatile-Up
2022-12-14,3995.3200,-0.6053,21.1400,-0.6053,Volatile-Down
2022-12-15,3895.7500,-2.4922,22.8300,-2.4922,Volatile-Down
2022-12-16,3852.3600,-1.1138,22.6200,-1.1138,Volatile-Down
2022-12-19,3817.6600,-0.9007,22.4200,-0.9007,Volatile-Down
2022-12-20,3821.6200,0.1037,21.4800,0.1037,Volatile-Up
2022-12-21,3878.4400,1.4868,20.0700,1.4868,Volatile-Up
2022-12-22,3822.3900,-1.4452,21.9700,-1.4452,Volatile-Down
2022-12-23,3844.8200,0.5868,20.8700,0.5868,Volatile-Up
2022-12-27,3829.2500,-0.4050,21.6500,-0.4050,Volatile-Down
2022-12-28,3783.2200,-1.2021,22.1400,-1.2021,Volatile-Down
2022-12-29,3849.2800,1.7461,21.4400,1.7461,Volatile-Up
2022-12-30,3839.5000,-0.2541,21.6700,-0.2541,Volatile-Down
2023-01-03,3824.1400,-0.4001,22.9000,-0.4001,Volatile-Down
2023-01-04,3852.9700,0.7539,22.0100,0.7539,Volatile-Up
2023-01-05,3808.1000,-1.1646,22.4600,-1.1646,Volatile-Down
2023-01-06,3895.0800,2.2841,21.1300,2.2841,Volatile-Up
2023-01-09,3892.0900,-0.0768,21.9700,-0.0768,Volatile-Down
2023-01-10,3919.2500,0.6978,20.5800,0.6978,Volatile-Up
2023-01-11,3969.6100,1.2849,21.0900,1.2849,Volatile-Up
2023-01-12,3983.1700,0.3416,18.8300,0.3416,Volatile-Up
2023-01-13,3999.0900,0.3997,18.3500,0.3997,Volatile-Up
2023-01-17,3990.9700,-0.2030,19.3600,-0.2030,Volatile-Down
2023-01-18,3928.8600,-1.5563,20.3400,-1.5563,Volatile-Down
2023-01-19,3898.8500,-0.7638,20.5200,-0.7638,Volatile-Down
2023-01-20,3972.6100,1.8918,19.8500,1.8918,Volatile-Up
2023-01-23,4019.8100,1.1881,19.8100,1.1881,Volatile-Up
2023-01-24,4016.9500,-0.0711,19.2000,-0.0711,Volatile-Down
2023-01-25,4016.2200,-0.0182,19.0800,-0.0182,Volatile-Down
2023-01-26,4060.4300,1.1008,18.7300,1.1008,Volatile-Up
2023-01-27,4070.5600,0.2495,18.5100,0.2495,Volatile-Up
2023-01-30,4017.7700,-1.2969,19.9400,-1.2969,Volatile-Down
2023-01-31,4076.6000,1.4642,19.4000,1.4642,Volatile-Up
2023-02-01,4119.2100,1.0452,17.8700,1.0452,Volatile-Up
2023-02-02,4179.7600,1.4699,18.7300,1.4699,Volatile-Up
2023-02-03,4136.4800,-1.0355,18.3300,-1.0355,Volatile-Down
2023-02-06,4111.0800,-0.6140,19.4300,-0.6140,Volatile-Down
2023-02-07,4164.0000,1.2873,18.6600,1.2873,Volatile-Up
2023-02-08,4117.8600,-1.1081,19.6300,-1.1081,Volatile-Down
2023-02-09,4081.5000,-0.8830,20.7100,-0.8830,Volatile-Down
2023-02-10,4090.4600,0.2195,20.5300,0.2195,Volatile-Up
2023-02-13,4137.2900,1.1449,20.3400,1.1449,Volatile-Up
2023-02-14,4136.1300,-0.0280,18.9100,-0.0280,Volatile-Down
2023-02-15,4147.6000,0.2773,18.2300,0.2773,Volatile-Up
2023-02-16,4090.4100,-1.3789,20.1700,-1.3789,Volatile-Down
2023-02-17,4079.0900,-0.2767,20.0200,-0.2767,Volatile-Down
2023-02-21,3997.3400,-2.0041,22.8700,-2.0041,Volatile-Down
2023-02-22,3991.0500,-0.1574,22.2900,-0.1574,Volatile-Down
2023-02-23,4012.3200,0.5329,21.1400,0.5329,Volatile-Up
2023-02-24,3970.0400,-1.0538,21.6700,-1.0538,Volatile-Down
2023-02-27,3982.2400,0.3073,20.9500,0.3073,Volatile-Up
2023-02-28,3970.1500,-0.3036,20.7000,-0.3036,Volatile-Down
2023-03-01,3951.3900,-0.4725,20.5800,-0.4725,Volatile-Down
2023-03-02,3981.3500,0.7582,19.5900,0.7582,Volatile-Up
2023-03-03,4045.6400,1.6148,18.4900,1.6148,Volatile-Up
2023-03-06,4048.4200,0.0687,18.6100,0.0687,Volatile-Up
2023-03-07,3986.3700,-1.5327,19.5900,-1.5327,Volatile-Down
2023-03-08,3992.0100,0.1415,19.1100,0.1415,Volatile-Up
2023-03-09,3918.3200,-1.8459,22.6100,-1.8459,Volatile-Down
2023-03-10,3861.5900,-1.4478,24.8000,-1.4478,Volatile-Down
2023-03-13,3855.7600,-0.1510,26.5200,-0.1510,Volatile-Down
2023-03-14,3919.2900,1.6477,23.7300,1.6477,Volatile-Up
2023-03-15,3891.9300,-0.6981,26.1400,-0.6981,Volatile-Down
2023-03-16,3960.2800,1.7562,22.9900,1.7562,Volatile-Up
2023-03-17,3916.6400,-1.1019,25.5100,-1.1019,Volatile-Down
2023-03-20,3951.5700,0.8918,24.1500,0.8918,Volatile-Up
2023-03-21,4002.8700,1.2982,21.3800,1.2982,Volatile-Up
2023-03-22,3936.9700,-1.6463,22.2600,-1.6463,Volatile-Down
2023-03-23,3948.7200,0.2985,22.6100,0.2985,Volatile-Up
2023-03-24,3970.9900,0.5640,21.7400,0.5640,Volatile-Up
2023-03-27,3977.5300,0.1647,20.6000,0.1647,Volatile-Up
2023-03-28,3971.2700,-0.1574,19.9700,-0.1574,Volatile-Down
2023-03-29,4027.8100,1.4237,19.1200,1.4237,Volatile-Up
2023-03-30,4050.8300,0.5715,19.0200,0.5715,Volatile-Up
2023-03-31,4109.3100,1.4437,18.7000,1.4437,Volatile-Up
2023-04-03,4124.5100,0.3699,18.5500,0.3699,Volatile-Up
2023-04-04,4100.6000,-0.5797,19.0000,-0.5797,Volatile-Down
2023-04-05,4090.3800,-0.2492,19.0800,-0.2492,Volatile-Down
2023-04-06,4105.0200,0.3579,18.4000,0.3579,Volatile-Up
2023-04-10,4109.1100,0.0996,18.9700,0.0996,Volatile-Up
2023-04-11,4108.9400,-0.0041,19.1000,-0.0041,Volatile-Down
2023-04-12,4091.9500,-0.4135,19.0900,-0.4135,Volatile-Down
2023-04-13,4146.2200,1.3263,17.8000,1.3263,Volatile-Up
2023-04-14,4137.6400,-0.2069,17.0700,-0.2069,Volatile-Down
2023-04-17,4151.3200,0.3306,16.9500,0.3306,Calm-Up
2023-04-18,4154.8700,0.0855,16.8300,0.0855,Calm-Up
2023-04-19,4154.5200,-0.0084,16.4600,-0.0084,Calm-Down
2023-04-20,4129.7900,-0.5953,17.1700,-0.5953,Volatile-Down
2023-04-21,4133.5200,0.0903,16.7700,0.0903,Calm-Up
2023-04-24,4137.0400,0.0852,16.8900,0.0852,Calm-Up
2023-04-25,4071.6300,-1.5811,18.7600,-1.5811,Volatile-Down
2023-04-26,4055.9900,-0.3841,18.8400,-0.3841,Volatile-Down
2023-04-27,4135.3500,1.9566,17.0300,1.9566,Volatile-Up
2023-04-28,4169.4800,0.8253,15.7800,0.8253,Calm-Up
2023-05-01,4167.8700,-0.0386,16.0800,-0.0386,Calm-Down
2023-05-02,4119.5800,-1.1586,17.7800,-1.1586,Volatile-Down
2023-05-03,4090.7500,-0.6998,18.3400,-0.6998,Volatile-Down
2023-05-04,4061.2200,-0.7219,20.0900,-0.7219,Volatile-Down
2023-05-05,4136.2500,1.8475,17.1900,1.8475,Volatile-Up
2023-05-08,4138.1200,0.0452,16.9800,0.0452,Calm-Up
2023-05-09,4119.1700,-0.4579,17.7100,-0.4579,Volatile-Down
2023-05-10,4137.6400,0.4484,16.9400,0.4484,Calm-Up
2023-05-11,4130.6200,-0.1697,16.9300,-0.1697,Calm-Down
2023-05-12,4124.0800,-0.1583,17.0300,-0.1583,Volatile-Down
2023-05-15,4136.2800,0.2958,17.1200,0.2958,Volatile-Up
2023-05-16,4109.9000,-0.6378,17.9900,-0.6378,Volatile-Down
2023-05-17,4158.7700,1.1891,16.8700,1.1891,Calm-Up
2023-05-18,4198.0500,0.9445,16.0500,0.9445,Calm-Up
2023-05-19,4191.9800,-0.1446,16.8100,-0.1446,Calm-Down
2023-05-22,4192.6300,0.0155,17.2100,0.0155,Volatile-Up
2023-05-23,4145.5800,-1.1222,18.5300,-1.1222,Volatile-Down
2023-05-24,4115.2400,-0.7319,20.0300,-0.7319,Volatile-Down
2023-05-25,4151.2800,0.8758,19.1400,0.8758,Volatile-Up
2023-05-26,4205.4500,1.3049,17.9500,1.3049,Volatile-Up
2023-05-30,4205.5200,0.0017,17.4600,0.0017,Volatile-Up
2023-05-31,4179.8300,-0.6109,17.9400,-0.6109,Volatile-Down
2023-06-01,4221.0200,0.9854,15.6500,0.9854,Calm-Up
2023-06-02,4282.3700,1.4534,14.6000,1.4534,Calm-Up
2023-06-05,4273.7900,-0.2004,14.7300,-0.2004,Calm-Down
2023-06-06,4283.8500,0.2354,13.9600,0.2354,Calm-Up
2023-06-07,4267.5200,-0.3812,13.9400,-0.3812,Calm-Down
2023-06-08,4293.9300,0.6189,13.6500,0.6189,Calm-Up
2023-06-09,4298.8600,0.1148,13.8300,0.1148,Calm-Up
2023-06-12,4338.9300,0.9321,15.0100,0.9321,Calm-Up
2023-06-13,4369.0100,0.6933,14.6100,0.6933,Calm-Up
2023-06-14,4372.5900,0.0819,13.8800,0.0819,Calm-Up
2023-06-15,4425.8400,1.2178,14.5000,1.2178,Calm-Up
2023-06-16,4409.5900,-0.3672,13.5400,-0.3672,Calm-Down
2023-06-20,4388.7100,-0.4735,13.8800,-0.4735,Calm-Down
2023-06-21,4365.6900,-0.5245,13.2000,-0.5245,Calm-Down
2023-06-22,4381.8900,0.3711,12.9100,0.3711,Calm-Up
2023-06-23,4348.3300,-0.7659,13.4400,-0.7659,Calm-Down
2023-06-26,4328.8200,-0.4487,14.2500,-0.4487,Calm-Down
2023-06-27,4378.4100,1.1456,13.7400,1.1456,Calm-Up
2023-06-28,4376.8600,-0.0354,13.4300,-0.0354,Calm-Down
2023-06-29,4396.4400,0.4474,13.5400,0.4474,Calm-Up
2023-06-30,4450.3800,1.2269,13.5900,1.2269,Calm-Up
2023-07-03,4455.5900,0.1171,13.5700,0.1171,Calm-Up
2023-07-05,4446.8200,-0.1968,14.1800,-0.1968,Calm-Down
2023-07-06,4411.5900,-0.7923,15.4400,-0.7923,Calm-Down
2023-07-07,4398.9500,-0.2865,14.8300,-0.2865,Calm-Down
2023-07-10,4409.5300,0.2405,15.0700,0.2405,Calm-Up
2023-07-11,4439.2600,0.6742,14.8400,0.6742,Calm-Up
2023-07-12,4472.1600,0.7411,13.5400,0.7411,Calm-Up
2023-07-13,4510.0400,0.8470,13.6100,0.8470,Calm-Up
2023-07-14,4505.4200,-0.1024,13.3400,-0.1024,Calm-Down
2023-07-17,4522.7900,0.3855,13.4800,0.3855,Calm-Up
2023-07-18,4554.9800,0.7117,13.3000,0.7117,Calm-Up
2023-07-19,4565.7200,0.2358,13.7600,0.2358,Calm-Up
2023-07-20,4534.8700,-0.6757,13.9900,-0.6757,Calm-Down
2023-07-21,4536.3400,0.0324,13.6000,0.0324,Calm-Up
2023-07-24,4554.6400,0.4034,13.9100,0.4034,Calm-Up
2023-07-25,4567.4600,0.2815,13.8600,0.2815,Calm-Up
2023-07-26,4566.7500,-0.0155,13.1900,-0.0155,Calm-Down
2023-07-27,4537.4100,-0.6425,14.4100,-0.6425,Calm-Down
2023-07-28,4582.2300,0.9878,13.3300,0.9878,Calm-Up
2023-07-31,4588.9600,0.1469,13.6300,0.1469,Calm-Up
2023-08-01,4576.7300,-0.2665,13.9300,-0.2665,Calm-Down
2023-08-02,4513.3900,-1.3840,16.0900,-1.3840,Calm-Down
2023-08-03,4501.8900,-0.2548,15.9200,-0.2548,Calm-Down
2023-08-04,4478.0300,-0.5300,17.1000,-0.5300,Volatile-Down
2023-08-07,4518.4400,0.9024,15.7700,0.9024,Calm-Up
2023-08-08,4499.3800,-0.4218,15.9900,-0.4218,Calm-Down
2023-08-09,4467.7100,-0.7039,15.9600,-0.7039,Calm-Down
2023-08-10,4468.8300,0.0251,15.8500,0.0251,Calm-Up
2023-08-11,4464.0500,-0.1070,14.8400,-0.1070,Calm-Down
2023-08-14,4489.7200,0.5750,14.8200,0.5750,Calm-Up
2023-08-15,4437.8600,-1.1551,16.4600,-1.1551,Calm-Down
2023-08-16,4404.3300,-0.7555,16.7800,-0.7555,Calm-Down
2023-08-17,4370.3600,-0.7713,17.8900,-0.7713,Volatile-Down
2023-08-18,4369.7100,-0.0149,17.3000,-0.0149,Volatile-Down
2023-08-21,4399.7700,0.6879,17.1300,0.6879,Volatile-Up
2023-08-22,4387.5500,-0.2777,16.9700,-0.2777,Calm-Down
2023-08-23,4436.0100,1.1045,15.9800,1.1045,Calm-Up
2023-08-24,4376.3100,-1.3458,17.2000,-1.3458,Volatile-Down
2023-08-25,4405.7100,0.6718,15.6800,0.6718,Calm-Up
2023-08-28,4433.3100,0.6265,15.0800,0.6265,Calm-Up
2023-08-29,4497.6300,1.4508,14.4500,1.4508,Calm-Up
2023-08-30,4514.8700,0.3833,13.8800,0.3833,Calm-Up
2023-08-31,4507.6600,-0.1597,13.5700,-0.1597,Calm-Down
2023-09-01,4515.7700,0.1799,13.0900,0.1799,Calm-Up
2023-09-05,4496.8300,-0.4194,14.0100,-0.4194,Calm-Down
2023-09-06,4465.4800,-0.6972,14.4500,-0.6972,Calm-Down
2023-09-07,4451.1400,-0.3211,14.4000,-0.3211,Calm-Down
2023-09-08,4457.4900,0.1427,13.8400,0.1427,Calm-Up
2023-09-11,4487.4600,0.6724,13.8000,0.6724,Calm-Up
2023-09-12,4461.9000,-0.5696,14.2300,-0.5696,Calm-Down
2023-09-13,4467.4400,0.1242,13.4800,0.1242,Calm-Up
2023-09-14,4505.1000,0.8430,12.8200,0.8430,Calm-Up
2023-09-15,4450.3200,-1.2160,13.7900,-1.2160,Calm-Down
2023-09-18,4453.5300,0.0721,14.0000,0.0721,Calm-Up
2023-09-19,4443.9500,-0.2151,14.1100,-0.2151,Calm-Down
2023-09-20,4402.2000,-0.9395,15.1400,-0.9395,Calm-Down
2023-09-21,4330.0000,-1.6401,17.5400,-1.6401,Volatile-Down
2023-09-22,4320.0600,-0.2296,17.2000,-0.2296,Volatile-Down
2023-09-25,4337.4400,0.4023,16.9000,0.4023,Calm-Up
2023-09-26,4273.5300,-1.4734,18.9400,-1.4734,Volatile-Down
2023-09-27,4274.5100,0.0229,18.2200,0.0229,Volatile-Up
2023-09-28,4299.7000,0.5893,17.3400,0.5893,Volatile-Up
2023-09-29,4288.0500,-0.2709,17.5200,-0.2709,Volatile-Down
2023-10-02,4288.3900,0.0079,17.6100,0.0079,Volatile-Up
2023-10-03,4229.4500,-1.3744,19.7800,-1.3744,Volatile-Down
2023-10-04,4263.7500,0.8110,18.5800,0.8110,Volatile-Up
2023-10-05,4258.1900,-0.1304,18.4900,-0.1304,Volatile-Down
2023-10-06,4308.5000,1.1815,17.4500,1.1815,Volatile-Up
2023-10-09,4335.6600,0.6304,17.7000,0.6304,Volatile-Up
2023-10-10,4358.2400,0.5208,17.0300,0.5208,Volatile-Up
2023-10-11,4376.9500,0.4293,16.0900,0.4293,Calm-Up
2023-10-12,4349.6100,-0.6246,16.6900,-0.6246,Calm-Down
2023-10-13,4327.7800,-0.5019,19.3200,-0.5019,Volatile-Down
2023-10-16,4373.6300,1.0594,17.2100,1.0594,Volatile-Up
2023-10-17,4373.2000,-0.0098,17.8800,-0.0098,Volatile-Down
2023-10-18,4314.6000,-1.3400,19.2200,-1.3400,Volatile-Down
2023-10-19,4278.0000,-0.8483,21.4000,-0.8483,Volatile-Down
2023-10-20,4224.1600,-1.2585,21.7100,-1.2585,Volatile-Down
2023-10-23,4217.0400,-0.1686,20.3700,-0.1686,Volatile-Down
2023-10-24,4247.6800,0.7266,18.9700,0.7266,Volatile-Up
2023-10-25,4186.7700,-1.4340,20.1900,-1.4340,Volatile-Down
2023-10-26,4137.2300,-1.1833,20.6800,-1.1833,Volatile-Down
2023-10-27,4117.3700,-0.4800,21.2700,-0.4800,Volatile-Down
2023-10-30,4166.8200,1.2010,19.7500,1.2010,Volatile-Up
2023-10-31,4193.8000,0.6475,18.1400,0.6475,Volatile-Up
2023-11-01,4237.8600,1.0506,16.8700,1.0506,Calm-Up
2023-11-02,4317.7800,1.8859,15.6600,1.8859,Calm-Up
2023-11-03,4358.3400,0.9394,14.9100,0.9394,Calm-Up
2023-11-06,4365.9800,0.1753,14.8900,0.1753,Calm-Up
2023-11-07,4378.3800,0.2840,14.8100,0.2840,Calm-Up
2023-11-08,4382.7800,0.1005,14.4500,0.1005,Calm-Up
2023-11-09,4347.3500,-0.8084,15.2900,-0.8084,Calm-Down
2023-11-10,4415.2400,1.5616,14.1700,1.5616,Calm-Up
2023-11-13,4411.5500,-0.0836,14.7600,-0.0836,Calm-Down
2023-11-14,4495.7000,1.9075,14.1600,1.9075,Calm-Up
2023-11-15,4502.8800,0.1597,14.1800,0.1597,Calm-Up
2023-11-16,4508.2400,0.1190,14.3200,0.1190,Calm-Up
2023-11-17,4514.0200,0.1282,13.8000,0.1282,Calm-Up
2023-11-20,4547.3800,0.7390,13.4100,0.7390,Calm-Up
2023-11-21,4538.1900,-0.2021,13.3500,-0.2021,Calm-Down
2023-11-22,4556.6200,0.4061,12.8500,0.4061,Calm-Up
2023-11-24,4559.3400,0.0597,12.4600,0.0597,Calm-Up
2023-11-27,4550.4300,-0.1954,12.6900,-0.1954,Calm-Down
2023-11-28,4554.8900,0.0980,12.6900,0.0980,Calm-Up
2023-11-29,4550.5800,-0.0946,12.9800,-0.0946,Calm-Down
2023-11-30,4567.8000,0.3784,12.9200,0.3784,Calm-Up
2023-12-01,4594.6300,0.5874,12.6300,0.5874,Calm-Up
2023-12-04,4569.7800,-0.5408,13.0800,-0.5408,Calm-Down
2023-12-05,4567.1800,-0.0569,12.8500,-0.0569,Calm-Down
2023-12-06,4549.3400,-0.3906,12.9700,-0.3906,Calm-Down
2023-12-07,4585.5900,0.7968,13.0600,0.7968,Calm-Up
2023-12-08,4604.3700,0.4095,12.3500,0.4095,Calm-Up
2023-12-11,4622.4400,0.3925,12.6300,0.3925,Calm-Up
2023-12-12,4643.7000,0.4599,12.0700,0.4599,Calm-Up
2023-12-13,4707.0900,1.3651,12.1900,1.3651,Calm-Up
2023-12-14,4719.5500,0.2647,12.4800,0.2647,Calm-Up
2023-12-15,4719.1900,-0.0076,12.2800,-0.0076,Calm-Down
2023-12-18,4740.5600,0.4528,12.5600,0.4528,Calm-Up
2023-12-19,4768.3700,0.5866,12.5300,0.5866,Calm-Up
2023-12-20,4698.3500,-1.4684,13.6700,-1.4684,Calm-Down
2023-12-21,4746.7500,1.0301,13.6500,1.0301,Calm-Up
2023-12-22,4754.6300,0.1660,13.0300,0.1660,Calm-Up
2023-12-26,4774.7500,0.4232,12.9900,0.4232,Calm-Up
2023-12-27,4781.5800,0.1430,12.4300,0.1430,Calm-Up
2023-12-28,4783.3500,0.0370,12.4700,0.0370,Calm-Up
2023-12-29,4769.8300,-0.2826,12.4500,-0.2826,Calm-Down
2024-01-02,4742.8300,-0.5661,13.2000,-0.5661,Calm-Down
2024-01-03,4704.8100,-0.8016,14.0400,-0.8016,Calm-Down
2024-01-04,4688.6800,-0.3428,14.1300,-0.3428,Calm-Down
2024-01-05,4697.2400,0.1826,13.3500,0.1826,Calm-Up
2024-01-08,4763.5400,1.4115,13.0800,1.4115,Calm-Up
2024-01-09,4756.5000,-0.1478,12.7600,-0.1478,Calm-Down
2024-01-10,4783.4500,0.5666,12.6900,0.5666,Calm-Up
2024-01-11,4780.2400,-0.0671,12.4400,-0.0671,Calm-Down
2024-01-12,4783.8300,0.0751,12.7000,0.0751,Calm-Up
2024-01-16,4765.9800,-0.3731,13.8400,-0.3731,Calm-Down
2024-01-17,4739.2100,-0.5617,14.7900,-0.5617,Calm-Down
2024-01-18,4780.9400,0.8805,14.1300,0.8805,Calm-Up
2024-01-19,4839.8100,1.2313,13.3000,1.2313,Calm-Up
2024-01-22,4850.4300,0.2194,13.1900,0.2194,Calm-Up
2024-01-23,4864.6000,0.2921,12.5500,0.2921,Calm-Up
2024-01-24,4868.5500,0.0812,13.1400,0.0812,Calm-Up
2024-01-25,4894.1600,0.5260,13.4500,0.5260,Calm-Up
2024-01-26,4890.9700,-0.0652,13.2600,-0.0652,Calm-Down
2024-01-29,4927.9300,0.7557,13.6000,0.7557,Calm-Up
2024-01-30,4924.9700,-0.0601,13.3100,-0.0601,Calm-Down
2024-01-31,4845.6500,-1.6106,14.3500,-1.6106,Calm-Down
2024-02-01,4906.1900,1.2494,13.8800,1.2494,Calm-Up
2024-02-02,4958.6100,1.0684,13.8500,1.0684,Calm-Up
2024-02-05,4942.8100,-0.3186,13.6700,-0.3186,Calm-Down
2024-02-06,4954.2300,0.2310,13.0600,0.2310,Calm-Up
2024-02-07,4995.0600,0.8241,12.8300,0.8241,Calm-Up
2024-02-08,4997.9100,0.0571,12.7900,0.0571,Calm-Up
2024-02-09,5026.6100,0.5742,12.9300,0.5742,Calm-Up
2024-02-12,5021.8400,-0.0949,13.9300,-0.0949,Calm-Down
2024-02-13,4953.1700,-1.3674,15.8500,-1.3674,Calm-Down
2024-02-14,5000.6200,0.9580,14.3800,0.9580,Calm-Up
2024-02-15,5029.7300,0.5821,14.0100,0.5821,Calm-Up
2024-02-16,5005.5700,-0.4803,14.2400,-0.4803,Calm-Down
2024-02-20,4975.5100,-0.6005,15.4200,-0.6005,Calm-Down
2024-02-21,4981.8000,0.1264,15.3400,0.1264,Calm-Up
2024-02-22,5087.0300,2.1123,14.5400,2.1123,Calm-Up
2024-02-23,5088.8000,0.0348,13.7500,0.0348,Calm-Up
2024-02-26,5069.5300,-0.3787,13.7400,-0.3787,Calm-Down
2024-02-27,5078.1800,0.1706,13.4300,0.1706,Calm-Up
2024-02-28,5069.7600,-0.1658,13.8400,-0.1658,Calm-Down
2024-02-29,5096.2700,0.5229,13.4000,0.5229,Calm-Up
2024-03-01,5137.0800,0.8008,13.1100,0.8008,Calm-Up
2024-03-04,5130.9500,-0.1193,13.4900,-0.1193,Calm-Down
2024-03-05,5078.6500,-1.0193,14.4600,-1.0193,Calm-Down
2024-03-06,5104.7600,0.5141,14.5000,0.5141,Calm-Up
2024-03-07,5157.3600,1.0304,14.4400,1.0304,Calm-Up
2024-03-08,5123.6900,-0.6529,14.7400,-0.6529,Calm-Down
2024-03-11,5117.9400,-0.1122,15.2200,-0.1122,Calm-Down
2024-03-12,5175.2700,1.1202,13.8400,1.1202,Calm-Up
2024-03-13,5165.3100,-0.1925,13.7500,-0.1925,Calm-Down
2024-03-14,5150.4800,-0.2871,14.4000,-0.2871,Calm-Down
2024-03-15,5117.0900,-0.6483,14.4100,-0.6483,Calm-Down
2024-03-18,5149.4200,0.6318,14.3300,0.6318,Calm-Up
2024-03-19,5178.5100,0.5649,13.8200,0.5649,Calm-Up
2024-03-20,5224.6200,0.8904,13.0400,0.8904,Calm-Up
2024-03-21,5241.5300,0.3237,12.9200,0.3237,Calm-Up
2024-03-22,5234.1800,-0.1402,13.0600,-0.1402,Calm-Down
2024-03-25,5218.1900,-0.3055,13.1900,-0.3055,Calm-Down
2024-03-26,5203.5800,-0.2800,13.2400,-0.2800,Calm-Down
2024-03-27,5248.4900,0.8631,12.7800,0.8631,Calm-Up
2024-03-28,5254.3500,0.1117,13.0100,0.1117,Calm-Up
2024-04-01,5243.7700,-0.2014,13.6500,-0.2014,Calm-Down
2024-04-02,5205.8100,-0.7239,14.6100,-0.7239,Calm-Down
2024-04-03,5211.4900,0.1091,14.3300,0.1091,Calm-Up
2024-04-04,5147.2100,-1.2334,16.3500,-1.2334,Calm-Down
2024-04-05,5204.3400,1.1099,16.0300,1.1099,Calm-Up
2024-04-08,5202.3900,-0.0375,15.1900,-0.0375,Calm-Down
2024-04-09,5209.9100,0.1445,14.9800,0.1445,Calm-Up
2024-04-10,5160.6400,-0.9457,15.8000,-0.9457,Calm-Down
2024-04-11,5199.0600,0.7445,14.9100,0.7445,Calm-Up
2024-04-12,5123.4100,-1.4551,17.3100,-1.4551,Volatile-Down
2024-04-15,5061.8200,-1.2021,19.2300,-1.2021,Volatile-Down
2024-04-16,5051.4100,-0.2057,18.4000,-0.2057,Volatile-Down
2024-04-17,5022.2100,-0.5781,18.2100,-0.5781,Volatile-Down
2024-04-18,5011.1200,-0.2208,18.0000,-0.2208,Volatile-Down
2024-04-19,4967.2300,-0.8759,18.7100,-0.8759,Volatile-Down
2024-04-22,5010.6000,0.8731,16.9400,0.8731,Calm-Up
2024-04-23,5070.5500,1.1965,15.6900,1.1965,Calm-Up
2024-04-24,5071.6300,0.0213,15.9700,0.0213,Calm-Up
2024-04-25,5048.4200,-0.4576,15.3700,-0.4576,Calm-Down
2024-04-26,5099.9600,1.0209,15.0300,1.0209,Calm-Up
2024-04-29,5116.1700,0.3178,14.6700,0.3178,Calm-Up
2024-04-30,5035.6900,-1.5731,15.6500,-1.5731,Calm-Down
2024-05-01,5018.3900,-0.3435,15.3900,-0.3435,Calm-Down
2024-05-02,5064.2000,0.9128,14.6800,0.9128,Calm-Up
2024-05-03,5127.7900,1.2557,13.4900,1.2557,Calm-Up
2024-05-06,5180.7400,1.0326,13.4900,1.0326,Calm-Up
2024-05-07,5187.7000,0.1343,13.2300,0.1343,Calm-Up
2024-05-08,5187.6700,-0.0006,13.0000,-0.0006,Calm-Down
2024-05-09,5214.0800,0.5091,12.6900,0.5091,Calm-Up
2024-05-10,5222.6800,0.1649,12.5500,0.1649,Calm-Up
2024-05-13,5221.4200,-0.0241,13.6000,-0.0241,Calm-Down
2024-05-14,5246.6800,0.4838,13.4200,0.4838,Calm-Up
2024-05-15,5308.1500,1.1716,12.4500,1.1716,Calm-Up
2024-05-16,5297.1000,-0.2082,12.4200,-0.2082,Calm-Down
2024-05-17,5303.2700,0.1165,11.9900,0.1165,Calm-Up
2024-05-20,5308.1300,0.0916,12.1500,0.0916,Calm-Up
2024-05-21,5321.4100,0.2502,11.8600,0.2502,Calm-Up
2024-05-22,5307.0100,-0.2706,12.2900,-0.2706,Calm-Down
2024-05-23,5267.8400,-0.7381,12.7700,-0.7381,Calm-Down
2024-05-24,5304.7200,0.7001,11.9300,0.7001,Calm-Up
2024-05-28,5306.0400,0.0249,12.9200,0.0249,Calm-Up
2024-05-29,5266.9500,-0.7367,14.2800,-0.7367,Calm-Down
2024-05-30,5235.4800,-0.5975,14.4700,-0.5975,Calm-Down
2024-05-31,5277.5100,0.8028,12.9200,0.8028,Calm-Up
2024-06-03,5283.4000,0.1116,13.1100,0.1116,Calm-Up
2024-06-04,5291.3400,0.1503,13.1600,0.1503,Calm-Up
2024-06-05,5354.0300,1.1848,12.6300,1.1848,Calm-Up
2024-06-06,5352.9600,-0.0200,12.5800,-0.0200,Calm-Down
2024-06-07,5346.9900,-0.1115,12.2200,-0.1115,Calm-Down
2024-06-10,5360.7900,0.2581,12.7400,0.2581,Calm-Up
2024-06-11,5375.3200,0.2710,12.8500,0.2710,Calm-Up
2024-06-12,5421.0300,0.8504,12.0400,0.8504,Calm-Up
2024-06-13,5433.7400,0.2345,11.9400,0.2345,Calm-Up
2024-06-14,5431.6000,-0.0394,12.6600,-0.0394,Calm-Down
2024-06-17,5473.2300,0.7664,12.7500,0.7664,Calm-Up
2024-06-18,5487.0300,0.2521,12.3000,0.2521,Calm-Up
2024-06-20,5473.1700,-0.2526,13.2800,-0.2526,Calm-Down
2024-06-21,5464.6200,-0.1562,13.2000,-0.1562,Calm-Down
2024-06-24,5447.8700,-0.3065,13.3300,-0.3065,Calm-Down
2024-06-25,5469.3000,0.3934,12.8400,0.3934,Calm-Up
2024-06-26,5477.9000,0.1572,12.5500,0.1572,Calm-Up
2024-06-27,5482.8700,0.0907,12.2400,0.0907,Calm-Up
2024-06-28,5460.4800,-0.4084,12.4400,-0.4084,Calm-Down
2024-07-01,5475.0900,0.2676,12.2200,0.2676,Calm-Up
2024-07-02,5509.0100,0.6195,12.0300,0.6195,Calm-Up
2024-07-03,5537.0200,0.5084,12.0900,0.5084,Calm-Up
2024-07-05,5567.1900,0.5449,12.4800,0.5449,Calm-Up
2024-07-08,5572.8500,0.1017,12.3700,0.1017,Calm-Up
2024-07-09,5576.9800,0.0741,12.5100,0.0741,Calm-Up
2024-07-10,5633.9100,1.0208,12.8500,1.0208,Calm-Up
2024-07-11,5584.5400,-0.8763,12.9200,-0.8763,Calm-Down
2024-07-12,5615.3500,0.5517,12.4600,0.5517,Calm-Up
2024-07-15,5631.2200,0.2826,13.1200,0.2826,Calm-Up
2024-07-16,5667.2000,0.6389,13.1900,0.6389,Calm-Up
2024-07-17,5588.2700,-1.3928,14.4800,-1.3928,Calm-Down
2024-07-18,5544.5900,-0.7816,15.9300,-0.7816,Calm-Down
2024-07-19,5505.0000,-0.7140,16.5200,-0.7140,Calm-Down
2024-07-22,5564.4100,1.0792,14.9100,1.0792,Calm-Up
2024-07-23,5555.7400,-0.1558,14.7200,-0.1558,Calm-Down
2024-07-24,5427.1300,-2.3149,18.0400,-2.3149,Volatile-Down
2024-07-25,5399.2200,-0.5143,18.4600,-0.5143,Volatile-Down
2024-07-26,5459.1000,1.1090,16.3900,1.1090,Calm-Up
2024-07-29,5463.5400,0.0813,16.6000,0.0813,Calm-Up
2024-07-30,5436.4400,-0.4960,17.6900,-0.4960,Volatile-Down
2024-07-31,5522.3000,1.5793,16.3600,1.5793,Calm-Up
2024-08-01,5446.6800,-1.3694,18.5900,-1.3694,Volatile-Down
2024-08-02,5346.5600,-1.8382,23.3900,-1.8382,Volatile-Down
2024-08-05,5186.3300,-2.9969,38.5700,-2.9969,Volatile-Down
2024-08-06,5240.0300,1.0354,27.7100,1.0354,Volatile-Up
2024-08-07,5199.5000,-0.7735,27.8500,-0.7735,Volatile-Down
2024-08-08,5319.3100,2.3043,23.7900,2.3043,Volatile-Up
2024-08-09,5344.1600,0.4672,20.3700,0.4672,Volatile-Up
2024-08-12,5344.3900,0.0043,20.7100,0.0043,Volatile-Up
2024-08-13,5434.4300,1.6848,18.1200,1.6848,Volatile-Up
2024-08-14,5455.2100,0.3824,16.1900,0.3824,Calm-Up
2024-08-15,5543.2200,1.6133,15.2300,1.6133,Calm-Up
2024-08-16,5554.2500,0.1990,14.8000,0.1990,Calm-Up
2024-08-19,5608.2500,0.9722,14.6500,0.9722,Calm-Up
2024-08-20,5597.1200,-0.1985,15.8800,-0.1985,Calm-Down
2024-08-21,5620.8500,0.4240,16.2700,0.4240,Calm-Up
2024-08-22,5570.6400,-0.8933,17.5500,-0.8933,Volatile-Down
2024-08-23,5634.6100,1.1483,15.8600,1.1483,Calm-Up
2024-08-26,5616.8400,-0.3154,16.1500,-0.3154,Calm-Down
2024-08-27,5625.8000,0.1595,15.4300,0.1595,Calm-Up
2024-08-28,5592.1800,-0.5976,17.1100,-0.5976,Volatile-Down
2024-08-29,5591.9600,-0.0039,15.6500,-0.0039,Calm-Down
2024-08-30,5648.4000,1.0093,15.0000,1.0093,Calm-Up
2024-09-03,5528.9300,-2.1151,20.7200,-2.1151,Volatile-Down
2024-09-04,5520.0700,-0.1602,21.3200,-0.1602,Volatile-Down
2024-09-05,5503.4100,-0.3018,19.9000,-0.3018,Volatile-Down
2024-09-06,5408.4200,-1.7260,22.3800,-1.7260,Volatile-Down
2024-09-09,5471.0500,1.1580,19.4500,1.1580,Volatile-Up
2024-09-10,5495.5200,0.4473,19.0800,0.4473,Volatile-Up
2024-09-11,5554.1300,1.0665,17.6900,1.0665,Volatile-Up
2024-09-12,5595.7600,0.7495,17.0700,0.7495,Volatile-Up
2024-09-13,5626.0200,0.5408,16.5600,0.5408,Calm-Up
2024-09-16,5633.0900,0.1257,17.1400,0.1257,Volatile-Up
2024-09-17,5634.5800,0.0265,17.6100,0.0265,Volatile-Up
2024-09-18,5618.2600,-0.2896,18.2300,-0.2896,Volatile-Down
2024-09-19,5713.6400,1.6977,16.3300,1.6977,Calm-Up
2024-09-20,5702.5500,-0.1941,16.1500,-0.1941,Calm-Down
2024-09-23,5718.5700,0.2809,15.8900,0.2809,Calm-Up
2024-09-24,5732.9300,0.2511,15.3900,0.2511,Calm-Up
2024-09-25,5722.2600,-0.1861,15.4100,-0.1861,Calm-Down
2024-09-26,5745.3700,0.4039,15.3700,0.4039,Calm-Up
2024-09-27,5738.1700,-0.1253,16.9600,-0.1253,Calm-Down
2024-09-30,5762.4800,0.4237,16.7300,0.4237,Calm-Up
2024-10-01,5708.7500,-0.9324,19.2600,-0.9324,Volatile-Down
2024-10-02,5709.5400,0.0138,18.9000,0.0138,Volatile-Up
2024-10-03,5699.9400,-0.1681,20.4900,-0.1681,Volatile-Down
2024-10-04,5751.0700,0.8970,19.2100,0.8970,Volatile-Up
2024-10-07,5695.9400,-0.9586,22.6400,-0.9586,Volatile-Down
2024-10-08,5751.1300,0.9689,21.4200,0.9689,Volatile-Up
2024-10-09,5792.0400,0.7113,20.8600,0.7113,Volatile-Up
2024-10-10,5780.0500,-0.2070,20.9300,-0.2070,Volatile-Down
2024-10-11,5815.0300,0.6052,20.4600,0.6052,Volatile-Up
2024-10-14,5859.8500,0.7708,19.7000,0.7708,Volatile-Up
2024-10-15,5815.2600,-0.7609,20.6400,-0.7609,Volatile-Down
2024-10-16,5842.4700,0.4679,19.5800,0.4679,Volatile-Up
2024-10-17,5841.4700,-0.0171,19.1100,-0.0171,Volatile-Down
2024-10-18,5864.6700,0.3972,18.0300,0.3972,Volatile-Up
2024-10-21,5853.9800,-0.1823,18.3700,-0.1823,Volatile-Down
2024-10-22,5851.2000,-0.0475,18.2000,-0.0475,Volatile-Down
2024-10-23,5797.4200,-0.9191,19.2400,-0.9191,Volatile-Down
2024-10-24,5809.8600,0.2146,19.0800,0.2146,Volatile-Up
2024-10-25,5808.1200,-0.0299,20.3300,-0.0299,Volatile-Down
2024-10-28,5823.5200,0.2651,19.8000,0.2651,Volatile-Up
2024-10-29,5832.9200,0.1614,19.3400,0.1614,Volatile-Up
2024-10-30,5813.6700,-0.3300,20.3500,-0.3300,Volatile-Down
2024-10-31,5705.4500,-1.8615,23.1600,-1.8615,Volatile-Down
2024-11-01,5728.8000,0.4093,21.8800,0.4093,Volatile-Up
2024-11-04,5712.6900,-0.2812,21.9800,-0.2812,Volatile-Down
2024-11-05,5782.7600,1.2266,20.4900,1.2266,Volatile-Up
2024-11-06,5929.0400,2.5296,16.2700,2.5296,Calm-Up
2024-11-07,5973.1000,0.7431,15.2000,0.7431,Calm-Up
2024-11-08,5995.5400,0.3757,14.9400,0.3757,Calm-Up
2024-11-11,6001.3500,0.0969,14.9700,0.0969,Calm-Up
2024-11-12,5983.9900,-0.2893,14.7100,-0.2893,Calm-Down
2024-11-13,5985.3800,0.0232,14.0200,0.0232,Calm-Up
2024-11-14,5949.1700,-0.6050,14.3100,-0.6050,Calm-Down
2024-11-15,5870.6200,-1.3204,16.1400,-1.3204,Calm-Down
2024-11-18,5893.6200,0.3918,15.5800,0.3918,Calm-Up
2024-11-19,5916.9800,0.3964,16.3500,0.3964,Calm-Up
2024-11-20,5917.1100,0.0022,17.1600,0.0022,Volatile-Up
2024-11-21,5948.7100,0.5340,16.8700,0.5340,Calm-Up
2024-11-22,5969.3400,0.3468,15.2400,0.3468,Calm-Up
2024-11-25,5987.3700,0.3020,14.6000,0.3020,Calm-Up
2024-11-26,6021.6300,0.5722,14.1000,0.5722,Calm-Up
2024-11-27,5998.7400,-0.3801,14.1000,-0.3801,Calm-Down
2024-11-29,6032.3800,0.5608,13.5100,0.5608,Calm-Up
2024-12-02,6047.1500,0.2448,13.3400,0.2448,Calm-Up
2024-12-03,6049.8800,0.0451,13.3000,0.0451,Calm-Up
2024-12-04,6086.4900,0.6051,13.4500,0.6051,Calm-Up
2024-12-05,6075.1100,-0.1870,13.5400,-0.1870,Calm-Down
2024-12-06,6090.2700,0.2495,12.7700,0.2495,Calm-Up
2024-12-09,6052.8500,-0.6144,14.1900,-0.6144,Calm-Down
2024-12-10,6034.9100,-0.2964,14.1800,-0.2964,Calm-Down
2024-12-11,6084.1900,0.8166,13.5800,0.8166,Calm-Up
2024-12-12,6051.2500,-0.5414,13.9200,-0.5414,Calm-Down
2024-12-13,6051.0900,-0.0026,13.8100,-0.0026,Calm-Down
2024-12-16,6074.0800,0.3799,14.6900,0.3799,Calm-Up
2024-12-17,6050.6100,-0.3864,15.8700,-0.3864,Calm-Down
2024-12-18,5872.1600,-2.9493,27.6200,-2.9493,Volatile-Down
2024-12-19,5867.0800,-0.0865,24.0900,-0.0865,Volatile-Down
2024-12-20,5930.8500,1.0869,18.3600,1.0869,Volatile-Up
2024-12-23,5974.0700,0.7287,16.7800,0.7287,Calm-Up
2024-12-24,6040.0400,1.1043,14.2700,1.1043,Calm-Up
2024-12-26,6037.5900,-0.0406,14.7300,-0.0406,Calm-Down
2024-12-27,5970.8400,-1.1056,15.9500,-1.1056,Calm-Down
2024-12-30,5906.9400,-1.0702,17.4000,-1.0702,Volatile-Down
2024-12-31,5881.6300,-0.4285,17.3500,-0.4285,Volatile-Down
2025-01-02,5868.5500,-0.2224,17.9300,-0.2224,Volatile-Down
2025-01-03,5942.4700,1.2596,16.1300,1.2596,Calm-Up
2025-01-06,5975.3800,0.5538,16.0400,0.5538,Calm-Up
2025-01-07,5909.0300,-1.1104,17.8200,-1.1104,Volatile-Down
2025-01-08,5918.2500,0.1560,17.7000,0.1560,Volatile-Up
2025-01-10,5827.0400,-1.5412,19.5400,-1.5412,Volatile-Down
2025-01-13,5836.2200,0.1575,19.1900,0.1575,Volatile-Up
2025-01-14,5842.9100,0.1146,18.7100,0.1146,Volatile-Up
2025-01-15,5949.9100,1.8313,16.1200,1.8313,Calm-Up
2025-01-16,5937.3400,-0.2113,16.6000,-0.2113,Calm-Down
2025-01-17,5996.6600,0.9991,15.9700,0.9991,Calm-Up
2025-01-21,6049.2400,0.8768,15.0600,0.8768,Calm-Up
2025-01-22,6086.3700,0.6138,15.1000,0.6138,Calm-Up
2025-01-23,6118.7100,0.5314,15.0200,0.5314,Calm-Up
2025-01-24,6101.2400,-0.2855,14.8500,-0.2855,Calm-Down
2025-01-27,6012.2800,-1.4581,17.9000,-1.4581,Volatile-Down
2025-01-28,6067.7000,0.9218,16.4100,0.9218,Calm-Up
2025-01-29,6039.3100,-0.4679,16.5600,-0.4679,Calm-Down
2025-01-30,6071.1700,0.5275,15.8400,0.5275,Calm-Up
2025-01-31,6040.5300,-0.5047,16.4300,-0.5047,Calm-Down
2025-02-03,5994.5700,-0.7609,18.6200,-0.7609,Volatile-Down
2025-02-04,6037.8800,0.7225,17.2100,0.7225,Volatile-Up
2025-02-05,6061.4800,0.3909,15.7700,0.3909,Calm-Up
2025-02-06,6083.5700,0.3644,15.5000,0.3644,Calm-Up
2025-02-07,6025.9900,-0.9465,16.5400,-0.9465,Calm-Down
2025-02-10,6066.4400,0.6713,15.8100,0.6713,Calm-Up
2025-02-11,6068.5000,0.0340,16.0200,0.0340,Calm-Up
2025-02-12,6051.9700,-0.2724,15.8900,-0.2724,Calm-Down
2025-02-13,6115.0700,1.0426,15.1000,1.0426,Calm-Up
2025-02-14,6114.6300,-0.0072,14.7700,-0.0072,Calm-Down
2025-02-18,6129.5800,0.2445,15.3500,0.2445,Calm-Up
2025-02-19,6144.1500,0.2377,15.2700,0.2377,Calm-Up
2025-02-20,6117.5200,-0.4334,15.6600,-0.4334,Calm-Down
2025-02-21,6013.1300,-1.7064,18.2100,-1.7064,Volatile-Down
2025-02-24,5983.2500,-0.4969,18.9800,-0.4969,Volatile-Down
2025-02-25,5955.2500,-0.4680,19.4300,-0.4680,Volatile-Down
2025-02-26,5956.0600,0.0136,19.1000,0.0136,Volatile-Up
2025-02-27,5861.5700,-1.5865,21.1300,-1.5865,Volatile-Down
2025-02-28,5954.5000,1.5854,19.6300,1.5854,Volatile-Up
2025-03-03,5849.7200,-1.7597,22.7800,-1.7597,Volatile-Down
2025-03-04,5778.1500,-1.2235,23.5100,-1.2235,Volatile-Down
2025-03-05,5842.6300,1.1159,21.9300,1.1159,Volatile-Up
2025-03-06,5738.5200,-1.7819,24.8700,-1.7819,Volatile-Down
2025-03-07,5770.2000,0.5521,23.3700,0.5521,Volatile-Up
2025-03-10,5614.5600,-2.6973,27.8600,-2.6973,Volatile-Down
2025-03-11,5572.0700,-0.7568,26.9200,-0.7568,Volatile-Down
2025-03-12,5599.3000,0.4887,24.2300,0.4887,Volatile-Up
2025-03-13,5521.5200,-1.3891,24.6600,-1.3891,Volatile-Down
2025-03-14,5638.9400,2.1266,21.7700,2.1266,Volatile-Up
2025-03-17,5675.1200,0.6416,20.5100,0.6416,Volatile-Up
2025-03-18,5614.6600,-1.0654,21.7000,-1.0654,Volatile-Down
2025-03-19,5675.2900,1.0799,19.9000,1.0799,Volatile-Up
2025-03-20,5662.8900,-0.2185,19.8000,-0.2185,Volatile-Down
2025-03-21,5667.5600,0.0825,19.2800,0.0825,Volatile-Up
2025-03-24,5767.5700,1.7646,17.4800,1.7646,Volatile-Up
2025-03-25,5776.6500,0.1574,17.1500,0.1574,Volatile-Up
2025-03-26,5712.2000,-1.1157,18.3300,-1.1157,Volatile-Down
2025-03-27,5693.3100,-0.3307,18.6900,-0.3307,Volatile-Down
2025-03-28,5580.9400,-1.9737,21.6500,-1.9737,Volatile-Down
2025-03-31,5611.8500,0.5538,22.2800,0.5538,Volatile-Up
2025-04-01,5633.0700,0.3781,21.7700,0.3781,Volatile-Up
2025-04-02,5670.9700,0.6728,21.5100,0.6728,Volatile-Up
2025-04-03,5396.5200,-4.8396,30.0200,-4.8396,Volatile-Down
2025-04-04,5074.0800,-5.9750,45.3100,-5.9750,Volatile-Down
2025-04-07,5062.2500,-0.2331,46.9800,-0.2331,Volatile-Down
2025-04-08,4982.7700,-1.5701,52.3300,-1.5701,Volatile-Down
2025-04-09,5456.9000,9.5154,33.6200,9.5154,Volatile-Up
2025-04-10,5268.0500,-3.4608,40.7200,-3.4608,Volatile-Down
2025-04-11,5363.3600,1.8092,37.5600,1.8092,Volatile-Up
2025-04-14,5405.9700,0.7945,30.8900,0.7945,Volatile-Up
2025-04-15,5396.6300,-0.1728,30.1200,-0.1728,Volatile-Down
2025-04-16,5275.7000,-2.2408,32.6400,-2.2408,Volatile-Down
2025-04-17,5282.7000,0.1327,29.6500,0.1327,Volatile-Up
2025-04-21,5158.2000,-2.3567,33.8200,-2.3567,Volatile-Down
2025-04-22,5287.7600,2.5117,30.5700,2.5117,Volatile-Up
2025-04-23,5375.8600,1.6661,28.4500,1.6661,Volatile-Up
2025-04-24,5484.7700,2.0259,26.4700,2.0259,Volatile-Up
2025-04-25,5525.2100,0.7373,24.8400,0.7373,Volatile-Up
2025-04-28,5528.7500,0.0641,25.1500,0.0641,Volatile-Up
2025-04-29,5560.8300,0.5802,24.1700,0.5802,Volatile-Up
2025-04-30,5569.0600,0.1480,24.7000,0.1480,Volatile-Up
2025-05-01,5604.1400,0.6299,24.6000,0.6299,Volatile-Up
2025-05-02,5686.6700,1.4727,22.6800,1.4727,Volatile-Up
2025-05-05,5650.3800,-0.6382,23.6400,-0.6382,Volatile-Down
2025-05-06,5606.9100,-0.7693,24.7600,-0.7693,Volatile-Down
2025-05-07,5631.2800,0.4346,23.5500,0.4346,Volatile-Up
2025-05-08,5663.9400,0.5800,22.4800,0.5800,Volatile-Up
2025-05-09,5659.9100,-0.0712,21.9000,-0.0712,Volatile-Down
2025-05-12,5844.1900,3.2559,18.3900,3.2559,Volatile-Up
2025-05-13,5886.5500,0.7248,18.2200,0.7248,Volatile-Up
2025-05-14,5892.5800,0.1024,18.6200,0.1024,Volatile-Up
2025-05-15,5916.9300,0.4132,17.8300,0.4132,Volatile-Up
2025-05-16,5958.3800,0.7005,17.2400,0.7005,Volatile-Up
2025-05-19,5963.6000,0.0876,18.1400,0.0876,Volatile-Up
2025-05-20,5940.4600,-0.3880,18.0900,-0.3880,Volatile-Down
2025-05-21,5844.6100,-1.6135,20.8700,-1.6135,Volatile-Down
2025-05-22,5842.0100,-0.0445,20.2800,-0.0445,Volatile-Down
2025-05-23,5802.8200,-0.6708,22.2900,-0.6708,Volatile-Down
2025-05-27,5921.5400,2.0459,18.9600,2.0459,Volatile-Up
2025-05-28,5888.5500,-0.5571,19.3100,-0.5571,Volatile-Down
2025-05-29,5912.1700,0.4011,19.1800,0.4011,Volatile-Up
2025-05-30,5911.6900,-0.0081,18.5700,-0.0081,Volatile-Down
2025-06-02,5935.9400,0.4102,18.3600,0.4102,Volatile-Up
2025-06-03,5970.3700,0.5800,17.6900,0.5800,Volatile-Up
2025-06-04,5970.8100,0.0074,17.6100,0.0074,Volatile-Up
2025-06-05,5939.3000,-0.5277,18.4800,-0.5277,Volatile-Down
2025-06-06,6000.3600,1.0281,16.7700,1.0281,Calm-Up
2025-06-09,6005.8800,0.0920,17.1600,0.0920,Volatile-Up
2025-06-10,6038.8100,0.5483,16.9500,0.5483,Calm-Up
2025-06-11,6022.2400,-0.2744,17.2600,-0.2744,Volatile-Down
2025-06-12,6045.2600,0.3822,18.0200,0.3822,Volatile-Up
2025-06-13,5976.9700,-1.1296,20.8200,-1.1296,Volatile-Down
2025-06-16,6033.1100,0.9393,19.1100,0.9393,Volatile-Up
2025-06-17,5982.7200,-0.8352,21.6000,-0.8352,Volatile-Down
2025-06-18,5980.8700,-0.0309,20.1400,-0.0309,Volatile-Down
2025-06-20,5967.8400,-0.2179,20.6200,-0.2179,Volatile-Down
2025-06-23,6025.1700,0.9606,19.8300,0.9606,Volatile-Up
2025-06-24,6092.1800,1.1122,17.4800,1.1122,Volatile-Up
2025-06-25,6092.1600,-0.0003,16.7600,-0.0003,Calm-Down
2025-06-26,6141.0200,0.8020,16.5900,0.8020,Calm-Up
2025-06-27,6173.0700,0.5219,16.3200,0.5219,Calm-Up
2025-06-30,6204.9500,0.5164,16.7300,0.5164,Calm-Up
2025-07-01,6198.0100,-0.1118,16.8300,-0.1118,Calm-Down
2025-07-02,6227.4200,0.4745,16.6400,0.4745,Calm-Up
2025-07-03,6279.3500,0.8339,16.3800,0.8339,Calm-Up
2025-07-07,6229.9800,-0.7862,17.7900,-0.7862,Volatile-Down
2025-07-08,6225.5200,-0.0716,16.8100,-0.0716,Calm-Down
2025-07-09,6263.2600,0.6062,15.9400,0.6062,Calm-Up
2025-07-10,6280.4600,0.2746,15.7800,0.2746,Calm-Up
2025-07-11,6259.7500,-0.3298,16.4000,-0.3298,Calm-Down
2025-07-14,6268.5600,0.1407,17.2000,0.1407,Volatile-Up
2025-07-15,6243.7600,-0.3956,17.3800,-0.3956,Volatile-Down
2025-07-16,6263.7000,0.3194,17.1600,0.3194,Volatile-Up
2025-07-17,6297.3600,0.5374,16.5200,0.5374,Calm-Up
2025-07-18,6296.7900,-0.0091,16.4100,-0.0091,Calm-Down
2025-07-21,6305.6000,0.1399,16.6500,0.1399,Calm-Up
2025-07-22,6309.6200,0.0638,16.5000,0.0638,Calm-Up
2025-07-23,6358.9100,0.7812,15.3700,0.7812,Calm-Up
2025-07-24,6363.3500,0.0698,15.3900,0.0698,Calm-Up
2025-07-25,6388.6400,0.3974,14.9300,0.3974,Calm-Up
2025-07-28,6389.7700,0.0177,15.0300,0.0177,Calm-Up
2025-07-29,6370.8600,-0.2959,15.9800,-0.2959,Calm-Down
2025-07-30,6362.9000,-0.1249,15.4800,-0.1249,Calm-Down
2025-07-31,6339.3900,-0.3695,16.7200,-0.3695,Calm-Down
2025-08-01,6238.0100,-1.5992,20.3800,-1.5992,Volatile-Down
2025-08-04,6329.9400,1.4737,17.5200,1.4737,Volatile-Up
2025-08-05,6299.1900,-0.4858,17.8500,-0.4858,Volatile-Down
2025-08-06,6345.0600,0.7282,16.7700,0.7282,Calm-Up
2025-08-07,6340.0000,-0.0797,16.5700,-0.0797,Calm-Down
2025-08-08,6389.4500,0.7800,15.1500,0.7800,Calm-Up
2025-08-11,6373.4500,-0.2504,16.2500,-0.2504,Calm-Down
2025-08-12,6445.7600,1.1346,14.7300,1.1346,Calm-Up
2025-08-13,6466.5800,0.3230,14.4900,0.3230,Calm-Up
2025-08-14,6468.5400,0.0303,14.8300,0.0303,Calm-Up
2025-08-15,6449.8000,-0.2897,15.0900,-0.2897,Calm-Down
2025-08-18,6449.1500,-0.0101,14.9900,-0.0101,Calm-Down
2025-08-19,6411.3700,-0.5858,15.5700,-0.5858,Calm-Down
2025-08-20,6395.7800,-0.2432,15.6900,-0.2432,Calm-Down
2025-08-21,6370.1700,-0.4004,16.6000,-0.4004,Calm-Down
2025-08-22,6466.9100,1.5186,14.2200,1.5186,Calm-Up
2025-08-25,6439.3200,-0.4266,14.7900,-0.4266,Calm-Down
2025-08-26,6465.9400,0.4134,14.6200,0.4134,Calm-Up
2025-08-27,6481.4000,0.2391,14.8500,0.2391,Calm-Up
2025-08-28,6501.8600,0.3157,14.4300,0.3157,Calm-Up
2025-08-29,6460.2600,-0.6398,15.3600,-0.6398,Calm-Down
2025-09-02,6415.5400,-0.6922,17.1700,-0.6922,Volatile-Down
2025-09-03,6448.2600,0.5100,16.3500,0.5100,Calm-Up
2025-09-04,6502.0800,0.8346,15.3000,0.8346,Calm-Up
2025-09-05,6481.5000,-0.3165,15.1800,-0.3165,Calm-Down
2025-09-08,6495.1500,0.2106,15.1100,0.2106,Calm-Up
2025-09-09,6512.6100,0.2688,15.0400,0.2688,Calm-Up
2025-09-10,6532.0400,0.2983,15.3500,0.2983,Calm-Up
2025-09-11,6587.4700,0.8486,14.7100,0.8486,Calm-Up
2025-09-12,6584.2900,-0.0483,14.7600,-0.0483,Calm-Down
2025-09-15,6615.2800,0.4707,15.6900,0.4707,Calm-Up
2025-09-16,6606.7600,-0.1288,16.3600,-0.1288,Calm-Down
2025-09-17,6600.3500,-0.0970,15.7200,-0.0970,Calm-Down
2025-09-18,6631.9600,0.4789,15.7000,0.4789,Calm-Up
2025-09-19,6664.3600,0.4885,15.4500,0.4885,Calm-Up
2025-09-22,6693.7500,0.4410,16.1000,0.4410,Calm-Up
2025-09-23,6656.9200,-0.5502,16.6400,-0.5502,Calm-Down
2025-09-24,6637.9700,-0.2847,16.1800,-0.2847,Calm-Down
2025-09-25,6604.7200,-0.5009,16.7400,-0.5009,Calm-Down
2025-09-26,6643.7000,0.5902,15.2900,0.5902,Calm-Up
2025-09-29,6661.2100,0.2636,16.1200,0.2636,Calm-Up
2025-09-30,6688.4600,0.4091,16.2800,0.4091,Calm-Up
2025-10-01,6711.2000,0.3400,16.2900,0.3400,Calm-Up
2025-10-02,6715.3500,0.0618,16.6300,0.0618,Calm-Up
2025-10-03,6715.7900,0.0066,16.6500,0.0066,Calm-Up
2025-10-06,6740.2800,0.3647,16.3700,0.3647,Calm-Up
2025-10-07,6714.5900,-0.3811,17.2400,-0.3811,Volatile-Down
2025-10-08,6753.7200,0.5828,16.3000,0.5828,Calm-Up
2025-10-09,6735.1100,-0.2756,16.4300,-0.2756,Calm-Down
2025-10-10,6552.5100,-2.7112,21.6600,-2.7112,Volatile-Down
2025-10-13,6654.7200,1.5599,19.0300,1.5599,Volatile-Up
2025-10-14,6644.3100,-0.1564,20.8100,-0.1564,Volatile-Down
2025-10-15,6671.0600,0.4026,20.6400,0.4026,Volatile-Up
2025-10-16,6629.0700,-0.6294,25.3100,-0.6294,Volatile-Down
2025-10-17,6664.0100,0.5271,20.7800,0.5271,Volatile-Up
2025-10-20,6735.1300,1.0672,18.2300,1.0672,Volatile-Up
2025-10-21,6735.3500,0.0033,17.8700,0.0033,Volatile-Up
2025-10-22,6699.4000,-0.5338,18.6000,-0.5338,Volatile-Down
2025-10-23,6738.4400,0.5827,17.3000,0.5827,Volatile-Up
2025-10-24,6791.6900,0.7902,16.3700,0.7902,Calm-Up
2025-10-27,6875.1600,1.2290,15.7900,1.2290,Calm-Up
2025-10-28,6890.8900,0.2288,16.4200,0.2288,Calm-Up
2025-10-29,6890.5900,-0.0044,16.9200,-0.0044,Calm-Down
2025-10-30,6822.3400,-0.9905,16.9100,-0.9905,Calm-Down
2025-10-31,6840.2000,0.2618,17.4400,0.2618,Volatile-Up
2025-11-03,6851.9700,0.1721,17.1700,0.1721,Volatile-Up
2025-11-04,6771.5500,-1.1737,19.0000,-1.1737,Volatile-Down
2025-11-05,6796.2900,0.3654,18.0100,0.3654,Volatile-Up
2025-11-06,6720.3200,-1.1178,19.5000,-1.1178,Volatile-Down
2025-11-07,6728.8000,0.1262,19.0800,0.1262,Volatile-Up
2025-11-10,6832.4300,1.5401,17.6000,1.5401,Volatile-Up
2025-11-11,6846.6100,0.2075,17.2800,0.2075,Volatile-Up
2025-11-12,6850.9200,0.0630,17.5100,0.0630,Volatile-Up
2025-11-13,6737.4900,-1.6557,20.0000,-1.6557,Volatile-Down
2025-11-14,6734.1100,-0.0502,19.8300,-0.0502,Volatile-Down
2025-11-17,6672.4100,-0.9162,22.3800,-0.9162,Volatile-Down
2025-11-18,6617.3200,-0.8256,24.6900,-0.8256,Volatile-Down
2025-11-19,6642.1600,0.3754,23.6600,0.3754,Volatile-Up
2025-11-20,6538.7600,-1.5567,26.4200,-1.5567,Volatile-Down
2025-11-21,6602.9900,0.9823,23.4300,0.9823,Volatile-Up
2025-11-24,6705.1200,1.5467,20.5200,1.5467,Volatile-Up
2025-11-25,6765.8800,0.9062,18.5600,0.9062,Volatile-Up
2025-11-26,6812.6100,0.6907,17.1900,0.6907,Volatile-Up
2025-11-28,6849.0900,0.5355,16.3500,0.5355,Calm-Up
2025-12-01,6812.6300,-0.5323,17.2400,-0.5323,Volatile-Down
2025-12-02,6829.3700,0.2457,16.5900,0.2457,Calm-Up
2025-12-03,6849.7200,0.2980,16.0800,0.2980,Calm-Up
2025-12-04,6857.1200,0.1080,15.7800,0.1080,Calm-Up
2025-12-05,6870.4000,0.1937,15.4100,0.1937,Calm-Up
2025-12-08,6846.5100,-0.3477,16.6600,-0.3477,Calm-Down
2025-12-09,6840.5100,-0.0876,16.9300,-0.0876,Calm-Down
2025-12-10,6886.6800,0.6749,15.7700,0.6749,Calm-Up
2025-12-11,6901.0000,0.2079,14.8500,0.2079,Calm-Up
2025-12-12,6827.4100,-1.0664,15.7400,-1.0664,Calm-Down
2025-12-15,6816.5100,-0.1597,16.5000,-0.1597,Calm-Down
2025-12-16,6800.2600,-0.2384,16.4800,-0.2384,Calm-Down
2025-12-17,6721.4300,-1.1592,17.6200,-1.1592,Volatile-Down
2025-12-18,6774.7600,0.7934,16.8700,0.7934,Calm-Up
2025-12-19,6834.5000,0.8818,14.9100,0.8818,Calm-Up
2025-12-22,6878.4900,0.6436,14.0800,0.6436,Calm-Up
2025-12-23,6909.7900,0.4550,14.0000,0.4550,Calm-Up
2025-12-24,6932.0500,0.3222,13.4700,0.3222,Calm-Up
2025-12-26,6929.9400,-0.0304,13.6000,-0.0304,Calm-Down
2025-12-29,6905.7400,-0.3492,14.2000,-0.3492,Calm-Down
2025-12-30,6896.2400,-0.1376,14.3300,-0.1376,Calm-Down
2025-12-31,6845.5000,-0.7358,14.9500,-0.7358,Calm-Down
2026-01-02,6858.4700,0.1895,14.5100,0.1895,Calm-Up
2026-01-05,6902.0500,0.6354,14.9000,0.6354,Calm-Up
2026-01-06,6944.8200,0.6197,14.7500,0.6197,Calm-Up
2026-01-07,6920.9300,-0.3440,15.3800,-0.3440,Calm-Down
2026-01-08,6921.4600,0.0077,15.4500,0.0077,Calm-Up
2026-01-09,6966.2800,0.6476,14.4900,0.6476,Calm-Up
2026-01-12,6977.2700,0.1578,15.1200,0.1578,Calm-Up
2026-01-13,6963.7400,-0.1939,15.9800,-0.1939,Calm-Down
2026-01-14,6926.6000,-0.5333,16.7500,-0.5333,Calm-Down
2026-01-15,6944.4700,0.2580,15.8400,0.2580,Calm-Up
2026-01-16,6940.0100,-0.0642,15.8600,-0.0642,Calm-Down
2026-01-20,6796.8600,-2.0627,20.0900,-2.0627,Volatile-Down
2026-01-21,6875.6200,1.1588,16.9000,1.1588,Calm-Up
2026-01-22,6913.3500,0.5488,15.6400,0.5488,Calm-Up
2026-01-23,6915.6100,0.0327,16.0900,0.0327,Calm-Up
2026-01-26,6950.2300,0.5006,16.1500,0.5006,Calm-Up
2026-01-27,6978.6000,0.4082,16.3500,0.4082,Calm-Up
2026-01-28,6978.0300,-0.0082,16.3500,-0.0082,Calm-Down
2026-01-29,6969.0100,-0.1293,16.8800,-0.1293,Calm-Down
2026-01-30,6939.0300,-0.4302,17.4400,-0.4302,Volatile-Down
2026-02-02,6976.4400,0.5391,16.3400,0.5391,Calm-Up
2026-02-03,6917.8100,-0.8404,18.0000,-0.8404,Volatile-Down
2026-02-04,6882.7200,-0.5072,18.6400,-0.5072,Volatile-Down
2026-02-05,6798.4000,-1.2251,21.7700,-1.2251,Volatile-Down
2026-02-06,6932.3000,1.9696,17.7600,1.9696,Volatile-Up
2026-02-09,6964.8200,0.4691,17.3600,0.4691,Volatile-Up
2026-02-10,6941.8100,-0.3304,17.7900,-0.3304,Volatile-Down
2026-02-11,6941.4700,-0.0049,17.6500,-0.0049,Volatile-Down
2026-02-12,6832.7600,-1.5661,20.8200,-1.5661,Volatile-Down
2026-02-13,6836.1700,0.0499,20.6000,0.0499,Volatile-Up
2026-02-17,6843.2200,0.1031,20.2900,0.1031,Volatile-Up
2026-02-18,6881.3100,0.5566,19.6200,0.5566,Volatile-Up
2026-02-19,6861.8900,-0.2822,20.2300,-0.2822,Volatile-Down
2026-02-20,6909.5100,0.6940,19.0900,0.6940,Volatile-Up
2026-02-23,6837.7500,-1.0386,21.0100,-1.0386,Volatile-Down
2026-02-24,6890.0700,0.7652,19.5500,0.7652,Volatile-Up
2026-02-25,6946.1300,0.8136,17.9300,0.8136,Volatile-Up
2026-02-26,6908.8600,-0.5366,18.6300,-0.5366,Volatile-Down
2026-02-27,6878.8800,-0.4339,19.8600,-0.4339,Volatile-Down
2026-03-02,6881.6200,0.0398,21.4400,0.0398,Volatile-Up
2026-03-03,6816.6300,-0.9444,23.5700,-0.9444,Volatile-Down
2026-03-04,6869.5000,0.7756,21.1500,0.7756,Volatile-Up
2026-03-05,6830.7100,-0.5647,23.7500,-0.5647,Volatile-Down
2026-03-06,6740.0200,-1.3277,29.4900,-1.3277,Volatile-Down
2026-03-09,6795.9900,0.8304,25.5000,0.8304,Volatile-Up
2026-03-10,6781.4800,-0.2135,24.9300,-0.2135,Volatile-Down
2026-03-11,6775.8000,-0.0838,24.2300,-0.0838,Volatile-Down
2026-03-12,6672.6200,-1.5228,27.2900,-1.5228,Volatile-Down
2026-03-13,6632.1900,-0.6059,27.1900,-0.6059,Volatile-Down
2026-03-16,6699.3800,1.0131,23.5100,1.0131,Volatile-Up
2026-03-17,6716.0900,0.2494,22.3700,0.2494,Volatile-Up
2026-03-18,6624.7000,-1.3608,25.0900,-1.3608,Volatile-Down
2026-03-19,6606.4900,-0.2749,24.0600,-0.2749,Volatile-Down
2026-03-20,6506.4800,-1.5138,26.7800,-1.5138,Volatile-Down
2026-03-23,6581.0000,1.1453,26.1500,1.1453,Volatile-Up
2026-03-24,6556.3700,-0.3743,26.9500,-0.3743,Volatile-Down
2026-03-25,6591.9000,0.5419,25.3300,0.5419,Volatile-Up
2026-03-26,6477.1600,-1.7406,27.4400,-1.7406,Volatile-Down
2026-03-27,6368.8500,-1.6722,31.0500,-1.6722,Volatile-Down
2026-03-30,6343.7200,-0.3946,30.6100,-0.3946,Volatile-Down
2026-03-31,6528.5200,2.9131,25.2500,2.9131,Volatile-Up
2026-04-01,6575.3200,0.7169,24.5400,0.7169,Volatile-Up
2026-04-02,6582.6900,0.1121,23.8700,0.1121,Volatile-Up
2026-04-06,6611.8300,0.4427,24.1700,0.4427,Volatile-Up
2026-04-07,6616.8500,0.0759,25.7800,0.0759,Volatile-Up
2026-04-08,6782.8100,2.5081,21.0400,2.5081,Volatile-Up
2026-04-09,6824.6600,0.6170,19.4900,0.6170,Volatile-Up
2026-04-10,6816.8900,-0.1139,19.2300,-0.1139,Volatile-Down
2026-04-13,6886.2400,1.0173,19.1200,1.0173,Volatile-Up
2026-04-14,6967.3800,1.1783,18.3600,1.1783,Volatile-Up
2026-04-15,7022.9500,0.7976,18.1700,0.7976,Volatile-Up
2026-04-16,7041.2800,0.2610,17.9400,0.2610,Volatile-Up
2026-04-17,7126.0600,1.2040,17.4800,1.2040,Volatile-Up
2026-04-20,7109.1400,-0.2374,18.8700,-0.2374,Volatile-Down
2026-04-21,7064.0100,-0.6348,19.5000,-0.6348,Volatile-Down
2026-04-22,7137.9000,1.0460,18.9200,1.0460,Volatile-Up
2026-04-23,7108.4000,-0.4133,19.3100,-0.4133,Volatile-Down
2026-04-24,7165.0800,0.7974,18.7100,0.7974,Volatile-Up
2026-04-27,7173.9100,0.1232,18.0200,0.1232,Volatile-Up
2026-04-28,7138.8000,-0.4894,17.8300,-0.4894,Volatile-Down
2026-04-29,7135.9500,-0.0399,18.8100,-0.0399,Volatile-Down
2026-04-30,7209.0100,1.0238,16.8900,1.0238,Calm-Up
2026-05-01,7230.1200,0.2928,16.9900,0.2928,Calm-Up
2026-05-04,7200.7500,-0.4062,18.2900,-0.4062,Volatile-Down
2026-05-05,7259.2200,0.8120,17.3800,0.8120,Volatile-Up
2026-05-06,7365.1200,1.4588,17.3900,1.4588,Volatile-Up
2026-05-07,7337.1100,-0.3803,17.0800,-0.3803,Volatile-Down
2026-05-08,7398.9300,0.8426,17.1900,0.8426,Volatile-Up
2026-05-11,7412.8400,0.1880,18.3800,0.1880,Volatile-Up
2026-05-12,7400.9600,-0.1603,17.9900,-0.1603,Volatile-Down
2026-05-13,7444.2500,0.5849,17.8700,0.5849,Volatile-Up
2026-05-14,7501.2400,0.7656,17.2600,0.7656,Volatile-Up
2026-05-15,7408.5000,-1.2363,18.4300,-1.2363,Volatile-Down
2026-05-18,7403.0500,-0.0736,17.8200,-0.0736,Volatile-Down
2026-05-19,7353.6100,-0.6678,18.0600,-0.6678,Volatile-Down
2026-05-20,7432.9700,1.0792,17.4400,1.0792,Volatile-Up
2026-05-21,7445.7200,0.1715,16.7600,0.1715,Calm-Up
2026-05-22,7473.4700,0.3727,16.7000,0.3727,Calm-Up
2026-05-26,7519.1200,0.6108,17.0100,0.6108,Volatile-Up
2026-05-27,7520.3600,0.0165,16.2900,0.0165,Calm-Up
2026-05-28,7563.6300,0.5754,15.7400,0.5754,Calm-Up
2026-05-29,7580.0600,0.2172,15.3200,0.2172,Calm-Up
2026-06-01,7599.9600,0.2625,16.0500,0.2625,Calm-Up
2026-06-02,7609.7800,0.1292,15.7700,0.1292,Calm-Up
2026-06-03,7553.6800,-0.7372,16.0600,-0.7372,Calm-Down
2026-06-04,7584.3100,0.4055,15.4000,0.4055,Calm-Up
2026-06-05,7383.7400,-2.6445,21.5100,-2.6445,Volatile-Down
2026-06-08,7405.7300,0.2978,18.9200,0.2978,Volatile-Up
2026-06-09,7386.6500,-0.2576,19.8700,-0.2576,Volatile-Down
2026-06-10,7266.9900,-1.6199,22.2200,-1.6199,Volatile-Down
2026-06-11,7394.3000,1.7519,19.4400,1.7519,Volatile-Up
2026-06-12,7431.4600,0.5025,17.6800,0.5025,Volatile-Up
2026-06-15,7554.2900,1.6528,16.2000,1.6528,Calm-Up
2026-06-16,7511.3500,-0.5684,16.4100,-0.5684,Calm-Down
2026-06-17,7420.1000,-1.2148,18.4400,-1.2148,Volatile-Down
2026-06-18,7500.5800,1.0846,16.4000,1.0846,Calm-Up
2026-06-22,7472.7900,-0.3705,17.2800,-0.3705,Volatile-Down
2026-06-23,7365.4600,-1.4363,19.4900,-1.4363,Volatile-Down
2026-06-24,7358.2200,-0.0983,18.6300,-0.0983,Volatile-Down
2026-06-25,7357.4900,-0.0099,18.8900,-0.0099,Volatile-Down
2026-06-26,7354.0200,-0.0472,18.4100,-0.0472,Volatile-Down
2026-06-29,7440.4300,1.1750,17.6500,1.1750,Volatile-Up
2026-06-30,7499.3600,0.7920,16.4500,0.7920,Calm-Up
2026-07-01,7483.2300,-0.2151,16.5900,-0.2151,Calm-Down
2026-07-02,7483.2400,0.0001,16.1500,0.0001,Calm-Up
2026-07-06,7537.4300,0.7242,15.5700,0.7242,Calm-Up
2026-07-07,7503.8500,-0.4455,16.1300,-0.4455,Calm-Down
2026-07-08,7482.7100,-0.2817,16.9000,-0.2817,Calm-Down
2026-07-09,7543.6400,0.8143,15.8400,0.8143,Calm-Up
2026-07-10,7575.3900,0.4209,15.0300,0.4209,Calm-Up
2026-07-13,7515.3400,-0.7927,17.1600,-0.7927,Volatile-Down
2026-07-14,7543.5900,0.3759,16.5000,0.3759,Calm-Up
2026-07-15,7572.4000,0.3819,15.6700,0.3819,Calm-Up
2026-07-16,7533.7700,-0.5101,16.7300,-0.5101,Calm-Down
2026-07-17,7457.6900,-1.0099,18.7700,-1.0099,Volatile-Down
2026-07-20,7443.2800,-0.1932,18.6500,-0.1932,Volatile-Down
2026-07-21,7509.2000,0.8856,17.0500,0.8856,Volatile-Up
2026-07-22,7498.9600,-0.1364,16.6400,-0.1364,Calm-Down
2026-07-23,7408.3000,-1.2090,18.7000,-1.2090,Volatile-Down
2026-07-24,7411.9800,0.0497,18.5800,0.0497,Volatile-Up
2026-07-27,7413.1800,0.0162,18.6700,0.0162,Volatile-Up
2026-07-28,7428.7800,0.2104,18.2100,0.2104,Volatile-Up
2026-07-29,7316.1500,-1.5161,20.6600,-1.5161,Volatile-Down
2026-07-30,7437.6300,1.6604,17.0900,1.6604,Volatile-Up
2026-07-31,7489.7200,0.7004,15.9900,0.7004,Calm-Up
